loan_id,lender,loan_name,commission
0,loan_0,loan_0 22%,100
1,loan_1,loan_1 34%,125
2,loan_2,loan_2 38%,172
3,loan_3,loan_3 92%,143
4,loan_4,loan_4 52%,159
5,loan_5,loan_5 92%,105
6,loan_6,loan_6 41%,156
7,loan_7,loan_7 46%,162
8,loan_8,loan_8 26%,131
9,loan_9,loan_9 70%,91
10,loan_10,loan_10 99%,86
11,loan_11,loan_11 38%,174
12,loan_12,loan_12 55%,87
13,loan_13,loan_13 42%,126
14,loan_14,loan_14 85%,146
15,loan_15,loan_15 38%,190
16,loan_16,loan_16 24%,88
17,loan_17,loan_17 88%,147
18,loan_18,loan_18 38%,87
19,loan_19,loan_19 50%,153
20,loan_20,loan_20 54%,83
21,loan_21,loan_21 87%,135
22,loan_22,loan_22 58%,174
23,loan_23,loan_23 24%,101
24,loan_24,loan_24 59%,86
25,loan_25,loan_25 35%,177
26,loan_26,loan_26 80%,140
27,loan_27,loan_27 96%,171
28,loan_28,loan_28 94%,94
29,loan_29,loan_29 65%,172
30,loan_30,loan_30 21%,127
31,loan_31,loan_31 85%,174
32,loan_32,loan_32 91%,191
33,loan_33,loan_33 37%,185
34,loan_34,loan_34 77%,182
35,loan_35,loan_35 53%,118
36,loan_36,loan_36 29%,135
37,loan_37,loan_37 39%,170
38,loan_38,loan_38 46%,185
39,loan_39,loan_39 55%,159
40,loan_40,loan_40 98%,197
41,loan_41,loan_41 47%,165
42,loan_42,loan_42 79%,106
43,loan_43,loan_43 29%,142
44,loan_44,loan_44 58%,150
45,loan_45,loan_45 57%,188
46,loan_46,loan_46 94%,96
47,loan_47,loan_47 95%,122
48,loan_48,loan_48 56%,109
49,loan_49,loan_49 64%,151
50,loan_50,loan_50 26%,164
51,loan_51,loan_51 24%,178
52,loan_52,loan_52 57%,115
53,loan_53,loan_53 68%,98
54,loan_54,loan_54 94%,160
55,loan_55,loan_55 83%,97
56,loan_56,loan_56 67%,145
57,loan_57,loan_57 46%,137
58,loan_58,loan_58 23%,194
59,loan_59,loan_59 83%,177
60,loan_60,loan_60 33%,90
61,loan_61,loan_61 22%,171
62,loan_62,loan_62 51%,101
63,loan_63,loan_63 68%,111
64,loan_64,loan_64 89%,122
65,loan_65,loan_65 37%,92
66,loan_66,loan_66 25%,171
67,loan_67,loan_67 45%,106
68,loan_68,loan_68 84%,177
69,loan_69,loan_69 65%,125
70,loan_70,loan_70 53%,84
71,loan_71,loan_71 79%,130
72,loan_72,loan_72 78%,81
73,loan_73,loan_73 84%,178
74,loan_74,loan_74 40%,183
75,loan_75,loan_75 89%,111
76,loan_76,loan_76 21%,185
77,loan_77,loan_77 80%,140
78,loan_78,loan_78 42%,115
79,loan_79,loan_79 67%,114
80,loan_80,loan_80 71%,133
81,loan_81,loan_81 94%,120
82,loan_82,loan_82 28%,94
83,loan_83,loan_83 31%,200
84,loan_84,loan_84 84%,143
85,loan_85,loan_85 53%,92
86,loan_86,loan_86 78%,139
87,loan_87,loan_87 65%,169
88,loan_88,loan_88 69%,174
89,loan_89,loan_89 55%,80
90,loan_90,loan_90 71%,83
91,loan_91,loan_91 23%,97
92,loan_92,loan_92 44%,137
93,loan_93,loan_93 47%,87
94,loan_94,loan_94 92%,142
95,loan_95,loan_95 80%,158
96,loan_96,loan_96 52%,96
97,loan_97,loan_97 25%,117
98,loan_98,loan_98 83%,123
99,loan_99,loan_99 42%,155
100,loan_100,loan_100 86%,116
101,loan_101,loan_101 51%,126
102,loan_102,loan_102 44%,134
103,loan_103,loan_103 40%,138
104,loan_104,loan_104 59%,106
105,loan_105,loan_105 51%,193
106,loan_106,loan_106 73%,147
107,loan_107,loan_107 95%,125
108,loan_108,loan_108 76%,122
109,loan_109,loan_109 82%,140
110,loan_110,loan_110 98%,107
111,loan_111,loan_111 48%,140
112,loan_112,loan_112 35%,192
113,loan_113,loan_113 76%,187
114,loan_114,loan_114 52%,86
115,loan_115,loan_115 68%,159
116,loan_116,loan_116 33%,88
117,loan_117,loan_117 93%,131
118,loan_118,loan_118 73%,117
119,loan_119,loan_119 53%,143
120,loan_120,loan_120 90%,80
121,loan_121,loan_121 61%,127
122,loan_122,loan_122 57%,110
123,loan_123,loan_123 94%,124
124,loan_124,loan_124 77%,142
125,loan_125,loan_125 92%,181
126,loan_126,loan_126 34%,179
127,loan_127,loan_127 45%,119
128,loan_128,loan_128 47%,125
129,loan_129,loan_129 99%,96
130,loan_130,loan_130 69%,104
131,loan_131,loan_131 95%,166
132,loan_132,loan_132 32%,183
133,loan_133,loan_133 66%,180
134,loan_134,loan_134 98%,133
135,loan_135,loan_135 90%,167
136,loan_136,loan_136 81%,110
137,loan_137,loan_137 71%,128
138,loan_138,loan_138 35%,120
139,loan_139,loan_139 20%,130
140,loan_140,loan_140 75%,147
141,loan_141,loan_141 43%,172
142,loan_142,loan_142 81%,166
143,loan_143,loan_143 90%,105
144,loan_144,loan_144 87%,151
145,loan_145,loan_145 89%,162
146,loan_146,loan_146 96%,80
147,loan_147,loan_147 37%,146
148,loan_148,loan_148 72%,84
149,loan_149,loan_149 59%,87
150,loan_150,loan_150 74%,89
151,loan_151,loan_151 93%,182
152,loan_152,loan_152 33%,99
153,loan_153,loan_153 57%,117
154,loan_154,loan_154 43%,135
155,loan_155,loan_155 71%,172
156,loan_156,loan_156 62%,179
157,loan_157,loan_157 69%,91
158,loan_158,loan_158 21%,174
159,loan_159,loan_159 39%,151
160,loan_160,loan_160 98%,111
161,loan_161,loan_161 52%,104
162,loan_162,loan_162 24%,122
163,loan_163,loan_163 36%,188
164,loan_164,loan_164 95%,123
165,loan_165,loan_165 62%,109
166,loan_166,loan_166 42%,125
167,loan_167,loan_167 83%,171
168,loan_168,loan_168 83%,98
169,loan_169,loan_169 53%,157
170,loan_170,loan_170 22%,186
171,loan_171,loan_171 20%,111
172,loan_172,loan_172 85%,131
173,loan_173,loan_173 45%,142
174,loan_174,loan_174 61%,139
175,loan_175,loan_175 46%,102
176,loan_176,loan_176 53%,140
177,loan_177,loan_177 86%,87
178,loan_178,loan_178 97%,168
179,loan_179,loan_179 45%,178
180,loan_180,loan_180 38%,170
181,loan_181,loan_181 63%,159
182,loan_182,loan_182 80%,98
183,loan_183,loan_183 95%,171
184,loan_184,loan_184 33%,194
185,loan_185,loan_185 31%,124
186,loan_186,loan_186 33%,196
187,loan_187,loan_187 31%,158
188,loan_188,loan_188 61%,139
189,loan_189,loan_189 68%,138
190,loan_190,loan_190 53%,110
191,loan_191,loan_191 60%,150
192,loan_192,loan_192 92%,152
193,loan_193,loan_193 23%,109
194,loan_194,loan_194 41%,107
195,loan_195,loan_195 28%,101
196,loan_196,loan_196 21%,138
197,loan_197,loan_197 80%,172
198,loan_198,loan_198 67%,80
199,loan_199,loan_199 91%,177
200,loan_200,loan_200 72%,102
201,loan_201,loan_201 83%,115
202,loan_202,loan_202 24%,93
203,loan_203,loan_203 97%,111
204,loan_204,loan_204 79%,130
205,loan_205,loan_205 79%,115
206,loan_206,loan_206 46%,156
207,loan_207,loan_207 48%,160
208,loan_208,loan_208 67%,83
209,loan_209,loan_209 79%,137
210,loan_210,loan_210 45%,160
211,loan_211,loan_211 25%,125
212,loan_212,loan_212 76%,144
213,loan_213,loan_213 27%,146
214,loan_214,loan_214 69%,93
215,loan_215,loan_215 94%,104
216,loan_216,loan_216 96%,120
217,loan_217,loan_217 76%,153
218,loan_218,loan_218 48%,185
219,loan_219,loan_219 42%,114
220,loan_220,loan_220 45%,152
221,loan_221,loan_221 61%,199
222,loan_222,loan_222 73%,147
223,loan_223,loan_223 83%,154
224,loan_224,loan_224 54%,120
225,loan_225,loan_225 73%,175
226,loan_226,loan_226 64%,199
227,loan_227,loan_227 33%,153
228,loan_228,loan_228 30%,112
229,loan_229,loan_229 97%,166
230,loan_230,loan_230 60%,176
231,loan_231,loan_231 98%,110
232,loan_232,loan_232 31%,140
233,loan_233,loan_233 77%,88
234,loan_234,loan_234 35%,138
235,loan_235,loan_235 77%,195
236,loan_236,loan_236 82%,92
237,loan_237,loan_237 42%,163
238,loan_238,loan_238 68%,163
239,loan_239,loan_239 96%,189
240,loan_240,loan_240 59%,122
241,loan_241,loan_241 29%,167
242,loan_242,loan_242 61%,186
243,loan_243,loan_243 60%,118
244,loan_244,loan_244 90%,133
245,loan_245,loan_245 20%,195
246,loan_246,loan_246 54%,192
247,loan_247,loan_247 86%,92
248,loan_248,loan_248 87%,190
249,loan_249,loan_249 88%,83
250,loan_250,loan_250 29%,157
251,loan_251,loan_251 51%,193
252,loan_252,loan_252 72%,126
253,loan_253,loan_253 40%,112
254,loan_254,loan_254 46%,91
255,loan_255,loan_255 41%,159
256,loan_256,loan_256 34%,93
257,loan_257,loan_257 82%,175
258,loan_258,loan_258 84%,184
259,loan_259,loan_259 25%,115
260,loan_260,loan_260 34%,154
261,loan_261,loan_261 30%,147
262,loan_262,loan_262 56%,140
263,loan_263,loan_263 58%,164
264,loan_264,loan_264 77%,182
265,loan_265,loan_265 72%,187
266,loan_266,loan_266 57%,87
267,loan_267,loan_267 94%,193
268,loan_268,loan_268 46%,159
269,loan_269,loan_269 73%,111
270,loan_270,loan_270 43%,127
271,loan_271,loan_271 95%,83
272,loan_272,loan_272 82%,199
273,loan_273,loan_273 94%,125
274,loan_274,loan_274 62%,188
275,loan_275,loan_275 91%,124
276,loan_276,loan_276 46%,109
277,loan_277,loan_277 74%,148
278,loan_278,loan_278 32%,92
279,loan_279,loan_279 87%,83
280,loan_280,loan_280 32%,103
281,loan_281,loan_281 71%,114
282,loan_282,loan_282 74%,125
283,loan_283,loan_283 95%,194
284,loan_284,loan_284 71%,117
285,loan_285,loan_285 21%,128
286,loan_286,loan_286 72%,169
287,loan_287,loan_287 95%,190
288,loan_288,loan_288 45%,110
289,loan_289,loan_289 97%,108
290,loan_290,loan_290 86%,179
291,loan_291,loan_291 43%,132
292,loan_292,loan_292 97%,103
293,loan_293,loan_293 40%,145
294,loan_294,loan_294 92%,109
295,loan_295,loan_295 47%,104
296,loan_296,loan_296 43%,116
297,loan_297,loan_297 69%,128
298,loan_298,loan_298 74%,129
299,loan_299,loan_299 96%,125
300,loan_300,loan_300 43%,189
301,loan_301,loan_301 78%,87
302,loan_302,loan_302 83%,160
303,loan_303,loan_303 81%,178
304,loan_304,loan_304 32%,102
305,loan_305,loan_305 55%,107
306,loan_306,loan_306 85%,126
307,loan_307,loan_307 84%,151
308,loan_308,loan_308 54%,149
309,loan_309,loan_309 28%,131
310,loan_310,loan_310 54%,100
311,loan_311,loan_311 20%,155
312,loan_312,loan_312 97%,99
313,loan_313,loan_313 47%,140
314,loan_314,loan_314 91%,127
315,loan_315,loan_315 31%,184
316,loan_316,loan_316 82%,136
317,loan_317,loan_317 91%,146
318,loan_318,loan_318 49%,107
319,loan_319,loan_319 86%,161
320,loan_320,loan_320 54%,136
321,loan_321,loan_321 39%,160
322,loan_322,loan_322 22%,187
323,loan_323,loan_323 48%,131
324,loan_324,loan_324 41%,146
325,loan_325,loan_325 59%,140
326,loan_326,loan_326 59%,112
327,loan_327,loan_327 92%,165
328,loan_328,loan_328 99%,105
329,loan_329,loan_329 32%,98
330,loan_330,loan_330 47%,120
331,loan_331,loan_331 98%,102
332,loan_332,loan_332 24%,188
333,loan_333,loan_333 67%,188
334,loan_334,loan_334 52%,116
335,loan_335,loan_335 83%,145
336,loan_336,loan_336 48%,97
337,loan_337,loan_337 61%,151
338,loan_338,loan_338 99%,177
339,loan_339,loan_339 91%,160
340,loan_340,loan_340 44%,103
341,loan_341,loan_341 51%,132
342,loan_342,loan_342 62%,193
343,loan_343,loan_343 81%,197
344,loan_344,loan_344 71%,185
345,loan_345,loan_345 73%,123
346,loan_346,loan_346 29%,106
347,loan_347,loan_347 27%,97
348,loan_348,loan_348 21%,163
349,loan_349,loan_349 87%,162
350,loan_350,loan_350 53%,159
351,loan_351,loan_351 98%,155
352,loan_352,loan_352 81%,86
353,loan_353,loan_353 46%,137
354,loan_354,loan_354 53%,160
355,loan_355,loan_355 93%,80
356,loan_356,loan_356 95%,114
357,loan_357,loan_357 99%,200
358,loan_358,loan_358 33%,110
359,loan_359,loan_359 72%,130
360,loan_360,loan_360 64%,145
361,loan_361,loan_361 77%,108
362,loan_362,loan_362 65%,200
363,loan_363,loan_363 75%,107
364,loan_364,loan_364 38%,126
365,loan_365,loan_365 69%,126
366,loan_366,loan_366 43%,167
367,loan_367,loan_367 49%,199
368,loan_368,loan_368 74%,183
369,loan_369,loan_369 84%,174
370,loan_370,loan_370 61%,105
371,loan_371,loan_371 50%,87
372,loan_372,loan_372 64%,137
373,loan_373,loan_373 46%,155
374,loan_374,loan_374 36%,165
375,loan_375,loan_375 74%,122
376,loan_376,loan_376 30%,191
377,loan_377,loan_377 90%,137
378,loan_378,loan_378 94%,150
379,loan_379,loan_379 25%,91
380,loan_380,loan_380 21%,86
381,loan_381,loan_381 55%,122
382,loan_382,loan_382 40%,138
383,loan_383,loan_383 22%,190
384,loan_384,loan_384 85%,180
385,loan_385,loan_385 48%,158
386,loan_386,loan_386 81%,138
387,loan_387,loan_387 60%,117
388,loan_388,loan_388 64%,94
389,loan_389,loan_389 39%,140
390,loan_390,loan_390 62%,89
391,loan_391,loan_391 69%,92
392,loan_392,loan_392 34%,174
393,loan_393,loan_393 21%,170
394,loan_394,loan_394 59%,97
395,loan_395,loan_395 88%,94
396,loan_396,loan_396 75%,145
397,loan_397,loan_397 33%,109
398,loan_398,loan_398 25%,121
399,loan_399,loan_399 76%,99
400,loan_400,loan_400 21%,170
401,loan_401,loan_401 78%,190
402,loan_402,loan_402 76%,87
403,loan_403,loan_403 23%,195
404,loan_404,loan_404 62%,95
405,loan_405,loan_405 52%,153
406,loan_406,loan_406 40%,137
407,loan_407,loan_407 38%,97
408,loan_408,loan_408 87%,140
409,loan_409,loan_409 80%,159
410,loan_410,loan_410 75%,136
411,loan_411,loan_411 22%,169
412,loan_412,loan_412 63%,159
413,loan_413,loan_413 75%,89
414,loan_414,loan_414 72%,179
415,loan_415,loan_415 90%,167
416,loan_416,loan_416 31%,80
417,loan_417,loan_417 83%,183
418,loan_418,loan_418 88%,82
419,loan_419,loan_419 63%,116
420,loan_420,loan_420 25%,122
421,loan_421,loan_421 77%,169
422,loan_422,loan_422 77%,155
423,loan_423,loan_423 61%,174
424,loan_424,loan_424 67%,112
425,loan_425,loan_425 34%,171
426,loan_426,loan_426 81%,155
427,loan_427,loan_427 68%,143
428,loan_428,loan_428 32%,194
429,loan_429,loan_429 20%,191
430,loan_430,loan_430 78%,154
431,loan_431,loan_431 54%,117
432,loan_432,loan_432 55%,193
433,loan_433,loan_433 99%,104
434,loan_434,loan_434 92%,139
435,loan_435,loan_435 42%,184
436,loan_436,loan_436 87%,89
437,loan_437,loan_437 23%,181
438,loan_438,loan_438 43%,121
439,loan_439,loan_439 67%,179
440,loan_440,loan_440 85%,180
441,loan_441,loan_441 52%,178
442,loan_442,loan_442 34%,123
443,loan_443,loan_443 59%,101
444,loan_444,loan_444 96%,151
445,loan_445,loan_445 54%,145
446,loan_446,loan_446 46%,116
447,loan_447,loan_447 55%,142
448,loan_448,loan_448 67%,123
449,loan_449,loan_449 71%,191
450,loan_450,loan_450 75%,186
451,loan_451,loan_451 81%,86
452,loan_452,loan_452 60%,186
453,loan_453,loan_453 22%,95
454,loan_454,loan_454 42%,147
455,loan_455,loan_455 69%,111
456,loan_456,loan_456 53%,134
457,loan_457,loan_457 26%,141
458,loan_458,loan_458 34%,177
459,loan_459,loan_459 54%,187
460,loan_460,loan_460 54%,110
461,loan_461,loan_461 65%,191
462,loan_462,loan_462 69%,118
463,loan_463,loan_463 62%,113
464,loan_464,loan_464 71%,169
465,loan_465,loan_465 72%,122
466,loan_466,loan_466 95%,115
467,loan_467,loan_467 57%,88
468,loan_468,loan_468 81%,158
469,loan_469,loan_469 45%,162
470,loan_470,loan_470 51%,142
471,loan_471,loan_471 48%,179
472,loan_472,loan_472 54%,168
473,loan_473,loan_473 52%,183
474,loan_474,loan_474 57%,149
475,loan_475,loan_475 84%,178
476,loan_476,loan_476 42%,82
477,loan_477,loan_477 24%,111
478,loan_478,loan_478 62%,196
479,loan_479,loan_479 28%,159
480,loan_480,loan_480 42%,145
481,loan_481,loan_481 41%,112
482,loan_482,loan_482 94%,146
483,loan_483,loan_483 40%,161
484,loan_484,loan_484 33%,101
485,loan_485,loan_485 29%,103
486,loan_486,loan_486 74%,101
487,loan_487,loan_487 33%,91
488,loan_488,loan_488 54%,189
489,loan_489,loan_489 92%,100
490,loan_490,loan_490 30%,159
491,loan_491,loan_491 84%,103
492,loan_492,loan_492 45%,183
493,loan_493,loan_493 51%,123
494,loan_494,loan_494 69%,128
495,loan_495,loan_495 43%,149
496,loan_496,loan_496 83%,138
497,loan_497,loan_497 67%,199
498,loan_498,loan_498 29%,167
499,loan_499,loan_499 37%,154
500,loan_500,loan_500 71%,172
501,loan_501,loan_501 90%,116
502,loan_502,loan_502 92%,121
503,loan_503,loan_503 64%,93
504,loan_504,loan_504 98%,103
505,loan_505,loan_505 84%,163
506,loan_506,loan_506 85%,137
507,loan_507,loan_507 80%,156
508,loan_508,loan_508 73%,92
509,loan_509,loan_509 31%,125
510,loan_510,loan_510 30%,182
511,loan_511,loan_511 80%,190
512,loan_512,loan_512 71%,190
513,loan_513,loan_513 48%,163
514,loan_514,loan_514 36%,90
515,loan_515,loan_515 85%,85
516,loan_516,loan_516 96%,137
517,loan_517,loan_517 94%,100
518,loan_518,loan_518 28%,110
519,loan_519,loan_519 39%,106
520,loan_520,loan_520 40%,80
521,loan_521,loan_521 35%,182
522,loan_522,loan_522 97%,141
523,loan_523,loan_523 93%,197
524,loan_524,loan_524 90%,184
525,loan_525,loan_525 63%,126
526,loan_526,loan_526 63%,178
527,loan_527,loan_527 22%,171
528,loan_528,loan_528 54%,149
529,loan_529,loan_529 21%,152
530,loan_530,loan_530 88%,123
531,loan_531,loan_531 29%,196
532,loan_532,loan_532 58%,194
533,loan_533,loan_533 82%,96
534,loan_534,loan_534 34%,94
535,loan_535,loan_535 70%,163
536,loan_536,loan_536 80%,120
537,loan_537,loan_537 24%,176
538,loan_538,loan_538 21%,178
539,loan_539,loan_539 73%,200
540,loan_540,loan_540 92%,195
541,loan_541,loan_541 85%,162
542,loan_542,loan_542 79%,197
543,loan_543,loan_543 48%,93
544,loan_544,loan_544 29%,98
545,loan_545,loan_545 48%,151
546,loan_546,loan_546 83%,150
547,loan_547,loan_547 28%,160
548,loan_548,loan_548 74%,163
549,loan_549,loan_549 54%,167
550,loan_550,loan_550 60%,173
551,loan_551,loan_551 69%,87
552,loan_552,loan_552 83%,111
553,loan_553,loan_553 50%,104
554,loan_554,loan_554 26%,142
555,loan_555,loan_555 70%,197
556,loan_556,loan_556 78%,91
557,loan_557,loan_557 71%,181
558,loan_558,loan_558 71%,107
559,loan_559,loan_559 25%,184
560,loan_560,loan_560 58%,150
561,loan_561,loan_561 72%,146
562,loan_562,loan_562 20%,88
563,loan_563,loan_563 83%,132
564,loan_564,loan_564 75%,99
565,loan_565,loan_565 59%,193
566,loan_566,loan_566 67%,113
567,loan_567,loan_567 73%,118
568,loan_568,loan_568 77%,182
569,loan_569,loan_569 57%,190
570,loan_570,loan_570 74%,81
571,loan_571,loan_571 65%,160
572,loan_572,loan_572 67%,164
573,loan_573,loan_573 71%,179
574,loan_574,loan_574 45%,126
575,loan_575,loan_575 57%,133
576,loan_576,loan_576 61%,193
577,loan_577,loan_577 97%,94
578,loan_578,loan_578 85%,111
579,loan_579,loan_579 98%,142
580,loan_580,loan_580 56%,165
581,loan_581,loan_581 26%,122
582,loan_582,loan_582 34%,116
583,loan_583,loan_583 78%,100
584,loan_584,loan_584 93%,179
585,loan_585,loan_585 36%,92
586,loan_586,loan_586 95%,169
587,loan_587,loan_587 61%,175
588,loan_588,loan_588 62%,133
589,loan_589,loan_589 78%,159
590,loan_590,loan_590 96%,166
591,loan_591,loan_591 68%,100
592,loan_592,loan_592 21%,179
593,loan_593,loan_593 66%,93
594,loan_594,loan_594 24%,182
595,loan_595,loan_595 55%,161
596,loan_596,loan_596 27%,110
597,loan_597,loan_597 84%,171
598,loan_598,loan_598 43%,138
599,loan_599,loan_599 63%,131
600,loan_600,loan_600 81%,105
601,loan_601,loan_601 30%,84
602,loan_602,loan_602 85%,149
603,loan_603,loan_603 41%,118
604,loan_604,loan_604 44%,144
605,loan_605,loan_605 39%,156
606,loan_606,loan_606 45%,115
607,loan_607,loan_607 61%,124
608,loan_608,loan_608 81%,149
609,loan_609,loan_609 68%,112
610,loan_610,loan_610 69%,91
611,loan_611,loan_611 53%,182
612,loan_612,loan_612 23%,84
613,loan_613,loan_613 22%,152
614,loan_614,loan_614 87%,117
615,loan_615,loan_615 25%,110
616,loan_616,loan_616 60%,88
617,loan_617,loan_617 70%,161
618,loan_618,loan_618 79%,153
619,loan_619,loan_619 88%,105
620,loan_620,loan_620 84%,158
621,loan_621,loan_621 97%,160
622,loan_622,loan_622 94%,153
623,loan_623,loan_623 70%,146
624,loan_624,loan_624 92%,140
625,loan_625,loan_625 97%,149
626,loan_626,loan_626 35%,179
627,loan_627,loan_627 20%,98
628,loan_628,loan_628 20%,149
629,loan_629,loan_629 55%,101
630,loan_630,loan_630 97%,81
631,loan_631,loan_631 73%,116
632,loan_632,loan_632 52%,177
633,loan_633,loan_633 34%,160
634,loan_634,loan_634 26%,161
635,loan_635,loan_635 96%,95
636,loan_636,loan_636 92%,195
637,loan_637,loan_637 73%,136
638,loan_638,loan_638 69%,198
639,loan_639,loan_639 69%,175
640,loan_640,loan_640 43%,138
641,loan_641,loan_641 89%,154
642,loan_642,loan_642 35%,188
643,loan_643,loan_643 96%,136
644,loan_644,loan_644 67%,195
645,loan_645,loan_645 45%,198
646,loan_646,loan_646 99%,182
647,loan_647,loan_647 25%,189
648,loan_648,loan_648 74%,122
649,loan_649,loan_649 62%,87
650,loan_650,loan_650 53%,183
651,loan_651,loan_651 35%,162
652,loan_652,loan_652 57%,86
653,loan_653,loan_653 93%,84
654,loan_654,loan_654 53%,156
655,loan_655,loan_655 35%,175
656,loan_656,loan_656 77%,173
657,loan_657,loan_657 34%,82
658,loan_658,loan_658 80%,80
659,loan_659,loan_659 36%,155
660,loan_660,loan_660 39%,89
661,loan_661,loan_661 52%,161
662,loan_662,loan_662 69%,84
663,loan_663,loan_663 81%,118
664,loan_664,loan_664 72%,142
665,loan_665,loan_665 29%,160
666,loan_666,loan_666 69%,83
667,loan_667,loan_667 72%,120
668,loan_668,loan_668 70%,197
669,loan_669,loan_669 94%,174
670,loan_670,loan_670 50%,121
671,loan_671,loan_671 72%,141
672,loan_672,loan_672 77%,127
673,loan_673,loan_673 24%,173
674,loan_674,loan_674 71%,184
675,loan_675,loan_675 55%,124
676,loan_676,loan_676 84%,189
677,loan_677,loan_677 33%,168
678,loan_678,loan_678 72%,92
679,loan_679,loan_679 77%,98
680,loan_680,loan_680 69%,82
681,loan_681,loan_681 95%,167
682,loan_682,loan_682 54%,106
683,loan_683,loan_683 25%,178
684,loan_684,loan_684 26%,141
685,loan_685,loan_685 49%,122
686,loan_686,loan_686 89%,140
687,loan_687,loan_687 58%,148
688,loan_688,loan_688 50%,169
689,loan_689,loan_689 33%,194
690,loan_690,loan_690 41%,117
691,loan_691,loan_691 29%,185
692,loan_692,loan_692 97%,111
693,loan_693,loan_693 47%,89
694,loan_694,loan_694 84%,107
695,loan_695,loan_695 71%,176
696,loan_696,loan_696 53%,159
697,loan_697,loan_697 38%,168
698,loan_698,loan_698 34%,196
699,loan_699,loan_699 63%,117
700,loan_700,loan_700 43%,136
701,loan_701,loan_701 50%,113
702,loan_702,loan_702 75%,110
703,loan_703,loan_703 95%,97
704,loan_704,loan_704 46%,195
705,loan_705,loan_705 65%,134
706,loan_706,loan_706 82%,96
707,loan_707,loan_707 60%,89
708,loan_708,loan_708 25%,161
709,loan_709,loan_709 27%,98
710,loan_710,loan_710 52%,179
711,loan_711,loan_711 80%,173
712,loan_712,loan_712 40%,123
713,loan_713,loan_713 52%,200
714,loan_714,loan_714 70%,166
715,loan_715,loan_715 22%,129
716,loan_716,loan_716 60%,165
717,loan_717,loan_717 25%,198
718,loan_718,loan_718 95%,145
719,loan_719,loan_719 71%,96
720,loan_720,loan_720 92%,197
721,loan_721,loan_721 56%,128
722,loan_722,loan_722 82%,111
723,loan_723,loan_723 68%,153
724,loan_724,loan_724 93%,97
725,loan_725,loan_725 60%,187
726,loan_726,loan_726 47%,81
727,loan_727,loan_727 69%,134
728,loan_728,loan_728 88%,153
729,loan_729,loan_729 70%,159
730,loan_730,loan_730 80%,88
731,loan_731,loan_731 50%,195
732,loan_732,loan_732 66%,90
733,loan_733,loan_733 58%,98
734,loan_734,loan_734 54%,181
735,loan_735,loan_735 67%,130
736,loan_736,loan_736 66%,91
737,loan_737,loan_737 83%,146
738,loan_738,loan_738 51%,100
739,loan_739,loan_739 55%,81
740,loan_740,loan_740 50%,197
741,loan_741,loan_741 75%,200
742,loan_742,loan_742 39%,157
743,loan_743,loan_743 81%,187
744,loan_744,loan_744 24%,159
745,loan_745,loan_745 40%,165
746,loan_746,loan_746 87%,159
747,loan_747,loan_747 62%,165
748,loan_748,loan_748 54%,175
749,loan_749,loan_749 72%,116
750,loan_750,loan_750 36%,185
751,loan_751,loan_751 60%,199
752,loan_752,loan_752 48%,162
753,loan_753,loan_753 61%,127
754,loan_754,loan_754 54%,187
755,loan_755,loan_755 24%,184
756,loan_756,loan_756 39%,120
757,loan_757,loan_757 33%,103
758,loan_758,loan_758 84%,177
759,loan_759,loan_759 70%,182
760,loan_760,loan_760 71%,104
761,loan_761,loan_761 31%,150
762,loan_762,loan_762 67%,153
763,loan_763,loan_763 89%,172
764,loan_764,loan_764 56%,147
765,loan_765,loan_765 63%,124
766,loan_766,loan_766 43%,160
767,loan_767,loan_767 45%,104
768,loan_768,loan_768 91%,140
769,loan_769,loan_769 30%,164
770,loan_770,loan_770 51%,162
771,loan_771,loan_771 83%,167
772,loan_772,loan_772 52%,148
773,loan_773,loan_773 53%,143
774,loan_774,loan_774 33%,130
775,loan_775,loan_775 55%,163
776,loan_776,loan_776 59%,150
777,loan_777,loan_777 50%,104
778,loan_778,loan_778 85%,100
779,loan_779,loan_779 54%,149
780,loan_780,loan_780 92%,174
781,loan_781,loan_781 74%,190
782,loan_782,loan_782 39%,153
783,loan_783,loan_783 26%,158
784,loan_784,loan_784 35%,169
785,loan_785,loan_785 38%,104
786,loan_786,loan_786 28%,109
787,loan_787,loan_787 85%,106
788,loan_788,loan_788 49%,151
789,loan_789,loan_789 84%,80
790,loan_790,loan_790 20%,168
791,loan_791,loan_791 20%,121
792,loan_792,loan_792 54%,134
793,loan_793,loan_793 62%,82
794,loan_794,loan_794 67%,168
795,loan_795,loan_795 61%,165
796,loan_796,loan_796 76%,114
797,loan_797,loan_797 72%,112
798,loan_798,loan_798 78%,86
799,loan_799,loan_799 37%,93
800,loan_800,loan_800 37%,117
801,loan_801,loan_801 30%,92
802,loan_802,loan_802 35%,103
803,loan_803,loan_803 67%,94
804,loan_804,loan_804 41%,157
805,loan_805,loan_805 99%,189
806,loan_806,loan_806 82%,180
807,loan_807,loan_807 91%,156
808,loan_808,loan_808 53%,188
809,loan_809,loan_809 22%,173
810,loan_810,loan_810 32%,95
811,loan_811,loan_811 54%,127
812,loan_812,loan_812 35%,162
813,loan_813,loan_813 33%,141
814,loan_814,loan_814 45%,108
815,loan_815,loan_815 96%,112
816,loan_816,loan_816 60%,125
817,loan_817,loan_817 22%,163
818,loan_818,loan_818 57%,131
819,loan_819,loan_819 58%,89
820,loan_820,loan_820 87%,200
821,loan_821,loan_821 35%,87
822,loan_822,loan_822 62%,167
823,loan_823,loan_823 66%,114
824,loan_824,loan_824 78%,81
825,loan_825,loan_825 26%,153
826,loan_826,loan_826 69%,130
827,loan_827,loan_827 72%,124
828,loan_828,loan_828 47%,173
829,loan_829,loan_829 78%,182
830,loan_830,loan_830 93%,135
831,loan_831,loan_831 98%,139
832,loan_832,loan_832 65%,136
833,loan_833,loan_833 24%,109
834,loan_834,loan_834 92%,147
835,loan_835,loan_835 98%,108
836,loan_836,loan_836 88%,86
837,loan_837,loan_837 70%,90
838,loan_838,loan_838 49%,109
839,loan_839,loan_839 59%,154
840,loan_840,loan_840 68%,86
841,loan_841,loan_841 61%,105
842,loan_842,loan_842 49%,200
843,loan_843,loan_843 34%,192
844,loan_844,loan_844 91%,158
845,loan_845,loan_845 63%,114
846,loan_846,loan_846 25%,172
847,loan_847,loan_847 98%,137
848,loan_848,loan_848 42%,127
849,loan_849,loan_849 24%,122
850,loan_850,loan_850 20%,131
851,loan_851,loan_851 56%,121
852,loan_852,loan_852 80%,97
853,loan_853,loan_853 45%,193
854,loan_854,loan_854 59%,197
855,loan_855,loan_855 24%,126
856,loan_856,loan_856 54%,156
857,loan_857,loan_857 59%,196
858,loan_858,loan_858 35%,130
859,loan_859,loan_859 38%,169
860,loan_860,loan_860 89%,192
861,loan_861,loan_861 22%,102
862,loan_862,loan_862 54%,96
863,loan_863,loan_863 44%,156
864,loan_864,loan_864 87%,108
865,loan_865,loan_865 23%,186
866,loan_866,loan_866 76%,186
867,loan_867,loan_867 36%,131
868,loan_868,loan_868 38%,147
869,loan_869,loan_869 61%,129
870,loan_870,loan_870 65%,171
871,loan_871,loan_871 61%,199
872,loan_872,loan_872 82%,158
873,loan_873,loan_873 38%,163
874,loan_874,loan_874 49%,154
875,loan_875,loan_875 63%,155
876,loan_876,loan_876 39%,132
877,loan_877,loan_877 78%,152
878,loan_878,loan_878 89%,167
879,loan_879,loan_879 28%,106
880,loan_880,loan_880 61%,177
881,loan_881,loan_881 72%,162
882,loan_882,loan_882 52%,108
883,loan_883,loan_883 83%,110
884,loan_884,loan_884 44%,165
885,loan_885,loan_885 84%,81
886,loan_886,loan_886 64%,174
887,loan_887,loan_887 30%,195
888,loan_888,loan_888 47%,123
889,loan_889,loan_889 39%,112
890,loan_890,loan_890 28%,103
891,loan_891,loan_891 44%,183
892,loan_892,loan_892 30%,98
893,loan_893,loan_893 84%,118
894,loan_894,loan_894 94%,171
895,loan_895,loan_895 41%,198
896,loan_896,loan_896 80%,93
897,loan_897,loan_897 74%,122
898,loan_898,loan_898 30%,106
899,loan_899,loan_899 84%,117
900,loan_900,loan_900 31%,151
901,loan_901,loan_901 75%,89
902,loan_902,loan_902 63%,191
903,loan_903,loan_903 80%,124
904,loan_904,loan_904 23%,104
905,loan_905,loan_905 29%,146
906,loan_906,loan_906 70%,140
907,loan_907,loan_907 33%,143
908,loan_908,loan_908 54%,165
909,loan_909,loan_909 51%,97
910,loan_910,loan_910 69%,157
911,loan_911,loan_911 45%,81
912,loan_912,loan_912 33%,150
913,loan_913,loan_913 80%,106
914,loan_914,loan_914 75%,106
915,loan_915,loan_915 96%,194
916,loan_916,loan_916 34%,97
917,loan_917,loan_917 83%,142
918,loan_918,loan_918 70%,103
919,loan_919,loan_919 96%,176
920,loan_920,loan_920 43%,104
921,loan_921,loan_921 93%,145
922,loan_922,loan_922 70%,141
923,loan_923,loan_923 66%,96
924,loan_924,loan_924 43%,120
925,loan_925,loan_925 88%,125
926,loan_926,loan_926 78%,89
927,loan_927,loan_927 83%,186
928,loan_928,loan_928 56%,161
929,loan_929,loan_929 23%,163
930,loan_930,loan_930 44%,138
931,loan_931,loan_931 40%,192
932,loan_932,loan_932 54%,90
933,loan_933,loan_933 77%,90
934,loan_934,loan_934 44%,200
935,loan_935,loan_935 44%,148
936,loan_936,loan_936 33%,163
937,loan_937,loan_937 90%,190
938,loan_938,loan_938 65%,158
939,loan_939,loan_939 93%,97
940,loan_940,loan_940 62%,160
941,loan_941,loan_941 94%,95
942,loan_942,loan_942 25%,98
943,loan_943,loan_943 24%,140
944,loan_944,loan_944 50%,184
945,loan_945,loan_945 60%,173
946,loan_946,loan_946 24%,147
947,loan_947,loan_947 84%,192
948,loan_948,loan_948 68%,161
949,loan_949,loan_949 55%,172
950,loan_950,loan_950 89%,114
951,loan_951,loan_951 46%,95
952,loan_952,loan_952 27%,195
953,loan_953,loan_953 85%,144
954,loan_954,loan_954 27%,186
955,loan_955,loan_955 58%,154
956,loan_956,loan_956 27%,164
957,loan_957,loan_957 99%,132
958,loan_958,loan_958 85%,119
959,loan_959,loan_959 94%,177
960,loan_960,loan_960 38%,154
961,loan_961,loan_961 99%,169
962,loan_962,loan_962 29%,83
963,loan_963,loan_963 85%,122
964,loan_964,loan_964 94%,89
965,loan_965,loan_965 35%,129
966,loan_966,loan_966 77%,152
967,loan_967,loan_967 98%,176
968,loan_968,loan_968 76%,136
969,loan_969,loan_969 63%,108
970,loan_970,loan_970 63%,174
971,loan_971,loan_971 26%,131
972,loan_972,loan_972 85%,147
973,loan_973,loan_973 47%,140
974,loan_974,loan_974 68%,188
975,loan_975,loan_975 43%,150
976,loan_976,loan_976 47%,85
977,loan_977,loan_977 53%,89
978,loan_978,loan_978 89%,192
979,loan_979,loan_979 94%,96
980,loan_980,loan_980 78%,185
981,loan_981,loan_981 30%,136
982,loan_982,loan_982 55%,125
983,loan_983,loan_983 65%,85
984,loan_984,loan_984 70%,165
985,loan_985,loan_985 97%,143
986,loan_986,loan_986 40%,97
987,loan_987,loan_987 97%,161
988,loan_988,loan_988 58%,171
989,loan_989,loan_989 89%,192
990,loan_990,loan_990 70%,88
991,loan_991,loan_991 67%,160
992,loan_992,loan_992 47%,175
993,loan_993,loan_993 30%,196
994,loan_994,loan_994 31%,196
995,loan_995,loan_995 83%,162
996,loan_996,loan_996 54%,90
997,loan_997,loan_997 23%,88
998,loan_998,loan_998 41%,128
999,loan_999,loan_999 91%,167
1000,loan_1000,loan_1000 90%,90
1001,loan_1001,loan_1001 41%,149
1002,loan_1002,loan_1002 25%,107
1003,loan_1003,loan_1003 63%,117
1004,loan_1004,loan_1004 21%,94
1005,loan_1005,loan_1005 75%,181
1006,loan_1006,loan_1006 83%,111
1007,loan_1007,loan_1007 49%,170
1008,loan_1008,loan_1008 20%,138
1009,loan_1009,loan_1009 82%,88
1010,loan_1010,loan_1010 31%,122
1011,loan_1011,loan_1011 60%,110
1012,loan_1012,loan_1012 50%,177
1013,loan_1013,loan_1013 72%,132
1014,loan_1014,loan_1014 80%,87
1015,loan_1015,loan_1015 76%,80
1016,loan_1016,loan_1016 47%,150
1017,loan_1017,loan_1017 32%,182
1018,loan_1018,loan_1018 99%,89
1019,loan_1019,loan_1019 34%,128
1020,loan_1020,loan_1020 87%,126
1021,loan_1021,loan_1021 46%,122
1022,loan_1022,loan_1022 88%,199
1023,loan_1023,loan_1023 60%,165
1024,loan_1024,loan_1024 79%,95
1025,loan_1025,loan_1025 40%,195
1026,loan_1026,loan_1026 43%,116
1027,loan_1027,loan_1027 22%,166
1028,loan_1028,loan_1028 95%,182
1029,loan_1029,loan_1029 71%,117
1030,loan_1030,loan_1030 42%,175
1031,loan_1031,loan_1031 28%,175
1032,loan_1032,loan_1032 68%,150
1033,loan_1033,loan_1033 80%,200
1034,loan_1034,loan_1034 74%,156
1035,loan_1035,loan_1035 85%,86
1036,loan_1036,loan_1036 53%,112
1037,loan_1037,loan_1037 97%,199
1038,loan_1038,loan_1038 98%,122
1039,loan_1039,loan_1039 66%,183
1040,loan_1040,loan_1040 70%,121
1041,loan_1041,loan_1041 69%,118
1042,loan_1042,loan_1042 43%,128
1043,loan_1043,loan_1043 90%,187
1044,loan_1044,loan_1044 38%,183
1045,loan_1045,loan_1045 38%,160
1046,loan_1046,loan_1046 29%,178
1047,loan_1047,loan_1047 21%,187
1048,loan_1048,loan_1048 73%,176
1049,loan_1049,loan_1049 64%,193
1050,loan_1050,loan_1050 70%,129
1051,loan_1051,loan_1051 42%,98
1052,loan_1052,loan_1052 61%,169
1053,loan_1053,loan_1053 88%,144
1054,loan_1054,loan_1054 67%,197
1055,loan_1055,loan_1055 98%,142
1056,loan_1056,loan_1056 66%,188
1057,loan_1057,loan_1057 97%,100
1058,loan_1058,loan_1058 63%,107
1059,loan_1059,loan_1059 57%,181
1060,loan_1060,loan_1060 65%,90
1061,loan_1061,loan_1061 47%,113
1062,loan_1062,loan_1062 85%,108
1063,loan_1063,loan_1063 38%,153
1064,loan_1064,loan_1064 26%,127
1065,loan_1065,loan_1065 74%,191
1066,loan_1066,loan_1066 95%,111
1067,loan_1067,loan_1067 69%,147
1068,loan_1068,loan_1068 61%,193
1069,loan_1069,loan_1069 27%,105
1070,loan_1070,loan_1070 45%,159
1071,loan_1071,loan_1071 83%,122
1072,loan_1072,loan_1072 33%,119
1073,loan_1073,loan_1073 86%,189
1074,loan_1074,loan_1074 81%,103
1075,loan_1075,loan_1075 93%,113
1076,loan_1076,loan_1076 95%,83
1077,loan_1077,loan_1077 29%,89
1078,loan_1078,loan_1078 41%,149
1079,loan_1079,loan_1079 24%,130
1080,loan_1080,loan_1080 59%,153
1081,loan_1081,loan_1081 69%,92
1082,loan_1082,loan_1082 36%,112
1083,loan_1083,loan_1083 69%,129
1084,loan_1084,loan_1084 56%,137
1085,loan_1085,loan_1085 40%,166
1086,loan_1086,loan_1086 89%,108
1087,loan_1087,loan_1087 22%,120
1088,loan_1088,loan_1088 63%,88
1089,loan_1089,loan_1089 26%,187
1090,loan_1090,loan_1090 90%,189
1091,loan_1091,loan_1091 33%,193
1092,loan_1092,loan_1092 51%,87
1093,loan_1093,loan_1093 87%,89
1094,loan_1094,loan_1094 40%,119
1095,loan_1095,loan_1095 85%,139
1096,loan_1096,loan_1096 96%,101
1097,loan_1097,loan_1097 86%,113
1098,loan_1098,loan_1098 23%,197
1099,loan_1099,loan_1099 87%,184
1100,loan_1100,loan_1100 86%,165
1101,loan_1101,loan_1101 24%,150
1102,loan_1102,loan_1102 95%,161
1103,loan_1103,loan_1103 48%,181
1104,loan_1104,loan_1104 39%,121
1105,loan_1105,loan_1105 88%,166
1106,loan_1106,loan_1106 75%,81
1107,loan_1107,loan_1107 50%,138
1108,loan_1108,loan_1108 83%,91
1109,loan_1109,loan_1109 86%,193
1110,loan_1110,loan_1110 70%,114
1111,loan_1111,loan_1111 45%,167
1112,loan_1112,loan_1112 83%,186
1113,loan_1113,loan_1113 83%,117
1114,loan_1114,loan_1114 67%,193
1115,loan_1115,loan_1115 40%,184
1116,loan_1116,loan_1116 40%,99
1117,loan_1117,loan_1117 97%,133
1118,loan_1118,loan_1118 40%,154
1119,loan_1119,loan_1119 30%,135
1120,loan_1120,loan_1120 37%,120
1121,loan_1121,loan_1121 52%,181
1122,loan_1122,loan_1122 71%,183
1123,loan_1123,loan_1123 28%,188
1124,loan_1124,loan_1124 44%,156
1125,loan_1125,loan_1125 73%,155
1126,loan_1126,loan_1126 79%,82
1127,loan_1127,loan_1127 93%,161
1128,loan_1128,loan_1128 75%,82
1129,loan_1129,loan_1129 85%,166
1130,loan_1130,loan_1130 32%,80
1131,loan_1131,loan_1131 52%,183
1132,loan_1132,loan_1132 60%,193
1133,loan_1133,loan_1133 58%,153
1134,loan_1134,loan_1134 78%,111
1135,loan_1135,loan_1135 49%,165
1136,loan_1136,loan_1136 91%,186
1137,loan_1137,loan_1137 96%,115
1138,loan_1138,loan_1138 40%,132
1139,loan_1139,loan_1139 57%,89
1140,loan_1140,loan_1140 53%,145
1141,loan_1141,loan_1141 23%,189
1142,loan_1142,loan_1142 25%,141
1143,loan_1143,loan_1143 87%,161
1144,loan_1144,loan_1144 59%,181
1145,loan_1145,loan_1145 89%,83
1146,loan_1146,loan_1146 91%,112
1147,loan_1147,loan_1147 49%,113
1148,loan_1148,loan_1148 87%,83
1149,loan_1149,loan_1149 38%,187
1150,loan_1150,loan_1150 31%,189
1151,loan_1151,loan_1151 42%,147
1152,loan_1152,loan_1152 88%,114
1153,loan_1153,loan_1153 48%,88
1154,loan_1154,loan_1154 40%,126
1155,loan_1155,loan_1155 51%,164
1156,loan_1156,loan_1156 39%,90
1157,loan_1157,loan_1157 21%,172
1158,loan_1158,loan_1158 22%,167
1159,loan_1159,loan_1159 25%,185
1160,loan_1160,loan_1160 22%,131
1161,loan_1161,loan_1161 91%,129
1162,loan_1162,loan_1162 56%,108
1163,loan_1163,loan_1163 24%,130
1164,loan_1164,loan_1164 71%,179
1165,loan_1165,loan_1165 28%,138
1166,loan_1166,loan_1166 77%,127
1167,loan_1167,loan_1167 33%,186
1168,loan_1168,loan_1168 68%,166
1169,loan_1169,loan_1169 23%,161
1170,loan_1170,loan_1170 79%,117
1171,loan_1171,loan_1171 90%,137
1172,loan_1172,loan_1172 40%,188
1173,loan_1173,loan_1173 95%,90
1174,loan_1174,loan_1174 83%,101
1175,loan_1175,loan_1175 44%,197
1176,loan_1176,loan_1176 24%,131
1177,loan_1177,loan_1177 88%,184
1178,loan_1178,loan_1178 75%,131
1179,loan_1179,loan_1179 86%,157
1180,loan_1180,loan_1180 87%,91
1181,loan_1181,loan_1181 77%,198
1182,loan_1182,loan_1182 57%,154
1183,loan_1183,loan_1183 61%,187
1184,loan_1184,loan_1184 41%,80
1185,loan_1185,loan_1185 45%,197
1186,loan_1186,loan_1186 73%,198
1187,loan_1187,loan_1187 82%,173
1188,loan_1188,loan_1188 94%,89
1189,loan_1189,loan_1189 63%,106
1190,loan_1190,loan_1190 73%,165
1191,loan_1191,loan_1191 60%,128
1192,loan_1192,loan_1192 91%,153
1193,loan_1193,loan_1193 62%,94
1194,loan_1194,loan_1194 52%,85
1195,loan_1195,loan_1195 39%,123
1196,loan_1196,loan_1196 68%,108
1197,loan_1197,loan_1197 47%,102
1198,loan_1198,loan_1198 84%,126
1199,loan_1199,loan_1199 33%,121
1200,loan_1200,loan_1200 44%,159
1201,loan_1201,loan_1201 49%,100
1202,loan_1202,loan_1202 70%,194
1203,loan_1203,loan_1203 97%,199
1204,loan_1204,loan_1204 82%,172
1205,loan_1205,loan_1205 62%,115
1206,loan_1206,loan_1206 77%,95
1207,loan_1207,loan_1207 97%,112
1208,loan_1208,loan_1208 35%,198
1209,loan_1209,loan_1209 97%,157
1210,loan_1210,loan_1210 90%,171
1211,loan_1211,loan_1211 76%,198
1212,loan_1212,loan_1212 72%,196
1213,loan_1213,loan_1213 40%,157
1214,loan_1214,loan_1214 73%,121
1215,loan_1215,loan_1215 57%,155
1216,loan_1216,loan_1216 21%,180
1217,loan_1217,loan_1217 99%,170
1218,loan_1218,loan_1218 22%,170
1219,loan_1219,loan_1219 61%,153
1220,loan_1220,loan_1220 80%,147
1221,loan_1221,loan_1221 39%,108
1222,loan_1222,loan_1222 66%,81
1223,loan_1223,loan_1223 86%,178
1224,loan_1224,loan_1224 91%,106
1225,loan_1225,loan_1225 37%,105
1226,loan_1226,loan_1226 53%,164
1227,loan_1227,loan_1227 26%,88
1228,loan_1228,loan_1228 74%,162
1229,loan_1229,loan_1229 94%,110
1230,loan_1230,loan_1230 58%,107
1231,loan_1231,loan_1231 84%,122
1232,loan_1232,loan_1232 28%,103
1233,loan_1233,loan_1233 42%,103
1234,loan_1234,loan_1234 71%,198
1235,loan_1235,loan_1235 98%,108
1236,loan_1236,loan_1236 34%,136
1237,loan_1237,loan_1237 46%,195
1238,loan_1238,loan_1238 73%,100
1239,loan_1239,loan_1239 99%,130
1240,loan_1240,loan_1240 96%,134
1241,loan_1241,loan_1241 74%,89
1242,loan_1242,loan_1242 20%,130
1243,loan_1243,loan_1243 46%,191
1244,loan_1244,loan_1244 44%,126
1245,loan_1245,loan_1245 93%,173
1246,loan_1246,loan_1246 73%,124
1247,loan_1247,loan_1247 61%,108
1248,loan_1248,loan_1248 81%,123
1249,loan_1249,loan_1249 52%,190
1250,loan_1250,loan_1250 51%,158
1251,loan_1251,loan_1251 93%,185
1252,loan_1252,loan_1252 46%,134
1253,loan_1253,loan_1253 52%,185
1254,loan_1254,loan_1254 31%,87
1255,loan_1255,loan_1255 37%,117
1256,loan_1256,loan_1256 61%,150
1257,loan_1257,loan_1257 89%,180
1258,loan_1258,loan_1258 86%,164
1259,loan_1259,loan_1259 95%,97
1260,loan_1260,loan_1260 56%,185
1261,loan_1261,loan_1261 66%,185
1262,loan_1262,loan_1262 48%,126
1263,loan_1263,loan_1263 22%,143
1264,loan_1264,loan_1264 36%,160
1265,loan_1265,loan_1265 46%,90
1266,loan_1266,loan_1266 75%,123
1267,loan_1267,loan_1267 38%,154
1268,loan_1268,loan_1268 84%,133
1269,loan_1269,loan_1269 71%,86
1270,loan_1270,loan_1270 80%,99
1271,loan_1271,loan_1271 78%,154
1272,loan_1272,loan_1272 66%,137
1273,loan_1273,loan_1273 58%,120
1274,loan_1274,loan_1274 36%,155
1275,loan_1275,loan_1275 91%,117
1276,loan_1276,loan_1276 68%,156
1277,loan_1277,loan_1277 34%,141
1278,loan_1278,loan_1278 88%,103
1279,loan_1279,loan_1279 79%,166
1280,loan_1280,loan_1280 50%,182
1281,loan_1281,loan_1281 29%,118
1282,loan_1282,loan_1282 71%,115
1283,loan_1283,loan_1283 78%,147
1284,loan_1284,loan_1284 65%,198
1285,loan_1285,loan_1285 25%,187
1286,loan_1286,loan_1286 58%,120
1287,loan_1287,loan_1287 71%,169
1288,loan_1288,loan_1288 90%,163
1289,loan_1289,loan_1289 86%,112
1290,loan_1290,loan_1290 51%,197
1291,loan_1291,loan_1291 69%,117
1292,loan_1292,loan_1292 75%,146
1293,loan_1293,loan_1293 99%,194
1294,loan_1294,loan_1294 49%,89
1295,loan_1295,loan_1295 94%,95
1296,loan_1296,loan_1296 92%,197
1297,loan_1297,loan_1297 87%,142
1298,loan_1298,loan_1298 69%,171
1299,loan_1299,loan_1299 55%,152
1300,loan_1300,loan_1300 71%,154
1301,loan_1301,loan_1301 84%,199
1302,loan_1302,loan_1302 85%,164
1303,loan_1303,loan_1303 92%,171
1304,loan_1304,loan_1304 82%,132
1305,loan_1305,loan_1305 46%,87
1306,loan_1306,loan_1306 30%,151
1307,loan_1307,loan_1307 38%,154
1308,loan_1308,loan_1308 31%,110
1309,loan_1309,loan_1309 28%,97
1310,loan_1310,loan_1310 53%,88
1311,loan_1311,loan_1311 91%,166
1312,loan_1312,loan_1312 69%,112
1313,loan_1313,loan_1313 75%,187
1314,loan_1314,loan_1314 75%,177
1315,loan_1315,loan_1315 97%,117
1316,loan_1316,loan_1316 90%,156
1317,loan_1317,loan_1317 78%,113
1318,loan_1318,loan_1318 79%,118
1319,loan_1319,loan_1319 65%,169
1320,loan_1320,loan_1320 79%,120
1321,loan_1321,loan_1321 79%,116
1322,loan_1322,loan_1322 67%,178
1323,loan_1323,loan_1323 97%,184
1324,loan_1324,loan_1324 32%,122
1325,loan_1325,loan_1325 33%,163
1326,loan_1326,loan_1326 99%,112
1327,loan_1327,loan_1327 93%,156
1328,loan_1328,loan_1328 60%,176
1329,loan_1329,loan_1329 56%,106
1330,loan_1330,loan_1330 87%,162
1331,loan_1331,loan_1331 83%,108
1332,loan_1332,loan_1332 50%,96
1333,loan_1333,loan_1333 62%,99
1334,loan_1334,loan_1334 75%,133
1335,loan_1335,loan_1335 42%,120
1336,loan_1336,loan_1336 41%,150
1337,loan_1337,loan_1337 63%,105
1338,loan_1338,loan_1338 49%,142
1339,loan_1339,loan_1339 98%,176
1340,loan_1340,loan_1340 83%,140
1341,loan_1341,loan_1341 22%,199
1342,loan_1342,loan_1342 54%,177
1343,loan_1343,loan_1343 57%,90
1344,loan_1344,loan_1344 77%,130
1345,loan_1345,loan_1345 83%,154
1346,loan_1346,loan_1346 66%,180
1347,loan_1347,loan_1347 57%,162
1348,loan_1348,loan_1348 24%,188
1349,loan_1349,loan_1349 30%,110
1350,loan_1350,loan_1350 53%,183
1351,loan_1351,loan_1351 82%,98
1352,loan_1352,loan_1352 42%,152
1353,loan_1353,loan_1353 74%,176
1354,loan_1354,loan_1354 52%,147
1355,loan_1355,loan_1355 60%,133
1356,loan_1356,loan_1356 86%,138
1357,loan_1357,loan_1357 65%,173
1358,loan_1358,loan_1358 66%,193
1359,loan_1359,loan_1359 80%,91
1360,loan_1360,loan_1360 87%,113
1361,loan_1361,loan_1361 61%,171
1362,loan_1362,loan_1362 52%,197
1363,loan_1363,loan_1363 96%,136
1364,loan_1364,loan_1364 87%,186
1365,loan_1365,loan_1365 34%,134
1366,loan_1366,loan_1366 92%,185
1367,loan_1367,loan_1367 87%,81
1368,loan_1368,loan_1368 50%,175
1369,loan_1369,loan_1369 43%,167
1370,loan_1370,loan_1370 48%,200
1371,loan_1371,loan_1371 34%,169
1372,loan_1372,loan_1372 24%,92
1373,loan_1373,loan_1373 39%,182
1374,loan_1374,loan_1374 67%,164
1375,loan_1375,loan_1375 37%,169
1376,loan_1376,loan_1376 41%,101
1377,loan_1377,loan_1377 68%,112
1378,loan_1378,loan_1378 21%,143
1379,loan_1379,loan_1379 35%,184
1380,loan_1380,loan_1380 53%,136
1381,loan_1381,loan_1381 86%,125
1382,loan_1382,loan_1382 81%,196
1383,loan_1383,loan_1383 27%,156
1384,loan_1384,loan_1384 48%,199
1385,loan_1385,loan_1385 74%,150
1386,loan_1386,loan_1386 69%,92
1387,loan_1387,loan_1387 60%,190
1388,loan_1388,loan_1388 67%,147
1389,loan_1389,loan_1389 92%,131
1390,loan_1390,loan_1390 96%,122
1391,loan_1391,loan_1391 57%,120
1392,loan_1392,loan_1392 38%,102
1393,loan_1393,loan_1393 98%,131
1394,loan_1394,loan_1394 71%,96
1395,loan_1395,loan_1395 32%,101
1396,loan_1396,loan_1396 74%,179
1397,loan_1397,loan_1397 58%,132
1398,loan_1398,loan_1398 40%,121
1399,loan_1399,loan_1399 41%,123
1400,loan_1400,loan_1400 80%,180
1401,loan_1401,loan_1401 34%,184
1402,loan_1402,loan_1402 80%,102
1403,loan_1403,loan_1403 93%,81
1404,loan_1404,loan_1404 48%,105
1405,loan_1405,loan_1405 34%,104
1406,loan_1406,loan_1406 88%,156
1407,loan_1407,loan_1407 77%,82
1408,loan_1408,loan_1408 21%,188
1409,loan_1409,loan_1409 96%,118
1410,loan_1410,loan_1410 26%,181
1411,loan_1411,loan_1411 42%,134
1412,loan_1412,loan_1412 97%,95
1413,loan_1413,loan_1413 60%,119
1414,loan_1414,loan_1414 33%,169
1415,loan_1415,loan_1415 73%,158
1416,loan_1416,loan_1416 96%,123
1417,loan_1417,loan_1417 53%,178
1418,loan_1418,loan_1418 59%,181
1419,loan_1419,loan_1419 22%,199
1420,loan_1420,loan_1420 94%,152
1421,loan_1421,loan_1421 56%,188
1422,loan_1422,loan_1422 93%,113
1423,loan_1423,loan_1423 62%,156
1424,loan_1424,loan_1424 54%,158
1425,loan_1425,loan_1425 88%,149
1426,loan_1426,loan_1426 58%,131
1427,loan_1427,loan_1427 96%,110
1428,loan_1428,loan_1428 83%,90
1429,loan_1429,loan_1429 20%,89
1430,loan_1430,loan_1430 32%,198
1431,loan_1431,loan_1431 29%,130
1432,loan_1432,loan_1432 57%,127
1433,loan_1433,loan_1433 70%,111
1434,loan_1434,loan_1434 33%,113
1435,loan_1435,loan_1435 22%,91
1436,loan_1436,loan_1436 24%,181
1437,loan_1437,loan_1437 50%,117
1438,loan_1438,loan_1438 39%,188
1439,loan_1439,loan_1439 37%,85
1440,loan_1440,loan_1440 85%,179
1441,loan_1441,loan_1441 88%,84
1442,loan_1442,loan_1442 69%,130
1443,loan_1443,loan_1443 81%,167
1444,loan_1444,loan_1444 54%,105
1445,loan_1445,loan_1445 21%,158
1446,loan_1446,loan_1446 84%,174
1447,loan_1447,loan_1447 83%,80
1448,loan_1448,loan_1448 40%,138
1449,loan_1449,loan_1449 95%,106
1450,loan_1450,loan_1450 92%,169
1451,loan_1451,loan_1451 63%,133
1452,loan_1452,loan_1452 80%,199
1453,loan_1453,loan_1453 61%,94
1454,loan_1454,loan_1454 58%,194
1455,loan_1455,loan_1455 34%,104
1456,loan_1456,loan_1456 20%,124
1457,loan_1457,loan_1457 62%,141
1458,loan_1458,loan_1458 32%,116
1459,loan_1459,loan_1459 32%,86
1460,loan_1460,loan_1460 95%,111
1461,loan_1461,loan_1461 91%,122
1462,loan_1462,loan_1462 25%,142
1463,loan_1463,loan_1463 86%,175
1464,loan_1464,loan_1464 60%,118
1465,loan_1465,loan_1465 91%,186
1466,loan_1466,loan_1466 41%,181
1467,loan_1467,loan_1467 74%,88
1468,loan_1468,loan_1468 22%,111
1469,loan_1469,loan_1469 97%,196
1470,loan_1470,loan_1470 71%,178
1471,loan_1471,loan_1471 39%,145
1472,loan_1472,loan_1472 22%,186
1473,loan_1473,loan_1473 42%,158
1474,loan_1474,loan_1474 20%,161
1475,loan_1475,loan_1475 49%,180
1476,loan_1476,loan_1476 54%,156
1477,loan_1477,loan_1477 26%,149
1478,loan_1478,loan_1478 65%,162
1479,loan_1479,loan_1479 28%,105
1480,loan_1480,loan_1480 95%,160
1481,loan_1481,loan_1481 95%,178
1482,loan_1482,loan_1482 23%,89
1483,loan_1483,loan_1483 41%,85
1484,loan_1484,loan_1484 61%,189
1485,loan_1485,loan_1485 23%,146
1486,loan_1486,loan_1486 89%,112
1487,loan_1487,loan_1487 99%,137
1488,loan_1488,loan_1488 56%,127
1489,loan_1489,loan_1489 26%,90
1490,loan_1490,loan_1490 89%,158
1491,loan_1491,loan_1491 89%,180
1492,loan_1492,loan_1492 42%,170
1493,loan_1493,loan_1493 37%,131
1494,loan_1494,loan_1494 20%,121
1495,loan_1495,loan_1495 86%,83
1496,loan_1496,loan_1496 89%,164
1497,loan_1497,loan_1497 48%,164
1498,loan_1498,loan_1498 73%,130
1499,loan_1499,loan_1499 36%,183
1500,loan_1500,loan_1500 80%,149
1501,loan_1501,loan_1501 73%,186
1502,loan_1502,loan_1502 84%,83
1503,loan_1503,loan_1503 70%,155
1504,loan_1504,loan_1504 67%,115
1505,loan_1505,loan_1505 51%,191
1506,loan_1506,loan_1506 43%,80
1507,loan_1507,loan_1507 96%,83
1508,loan_1508,loan_1508 34%,92
1509,loan_1509,loan_1509 98%,111
1510,loan_1510,loan_1510 72%,193
1511,loan_1511,loan_1511 25%,174
1512,loan_1512,loan_1512 98%,155
1513,loan_1513,loan_1513 49%,82
1514,loan_1514,loan_1514 59%,199
1515,loan_1515,loan_1515 78%,194
1516,loan_1516,loan_1516 83%,119
1517,loan_1517,loan_1517 70%,180
1518,loan_1518,loan_1518 34%,131
1519,loan_1519,loan_1519 22%,118
1520,loan_1520,loan_1520 61%,82
1521,loan_1521,loan_1521 78%,176
1522,loan_1522,loan_1522 85%,100
1523,loan_1523,loan_1523 43%,185
1524,loan_1524,loan_1524 94%,151
1525,loan_1525,loan_1525 81%,176
1526,loan_1526,loan_1526 43%,110
1527,loan_1527,loan_1527 61%,164
1528,loan_1528,loan_1528 31%,199
1529,loan_1529,loan_1529 57%,193
1530,loan_1530,loan_1530 21%,152
1531,loan_1531,loan_1531 31%,104
1532,loan_1532,loan_1532 22%,155
1533,loan_1533,loan_1533 87%,97
1534,loan_1534,loan_1534 86%,170
1535,loan_1535,loan_1535 32%,166
1536,loan_1536,loan_1536 86%,97
1537,loan_1537,loan_1537 96%,173
1538,loan_1538,loan_1538 96%,196
1539,loan_1539,loan_1539 64%,192
1540,loan_1540,loan_1540 28%,96
1541,loan_1541,loan_1541 43%,124
1542,loan_1542,loan_1542 76%,164
1543,loan_1543,loan_1543 96%,121
1544,loan_1544,loan_1544 48%,156
1545,loan_1545,loan_1545 60%,148
1546,loan_1546,loan_1546 30%,96
1547,loan_1547,loan_1547 99%,135
1548,loan_1548,loan_1548 54%,162
1549,loan_1549,loan_1549 67%,189
1550,loan_1550,loan_1550 92%,146
1551,loan_1551,loan_1551 64%,80
1552,loan_1552,loan_1552 96%,103
1553,loan_1553,loan_1553 57%,98
1554,loan_1554,loan_1554 44%,196
1555,loan_1555,loan_1555 64%,198
1556,loan_1556,loan_1556 20%,83
1557,loan_1557,loan_1557 34%,189
1558,loan_1558,loan_1558 44%,195
1559,loan_1559,loan_1559 25%,167
1560,loan_1560,loan_1560 67%,110
1561,loan_1561,loan_1561 30%,91
1562,loan_1562,loan_1562 48%,192
1563,loan_1563,loan_1563 58%,90
1564,loan_1564,loan_1564 72%,139
1565,loan_1565,loan_1565 31%,135
1566,loan_1566,loan_1566 37%,191
1567,loan_1567,loan_1567 71%,152
1568,loan_1568,loan_1568 33%,80
1569,loan_1569,loan_1569 45%,178
1570,loan_1570,loan_1570 23%,81
1571,loan_1571,loan_1571 83%,170
1572,loan_1572,loan_1572 46%,129
1573,loan_1573,loan_1573 84%,127
1574,loan_1574,loan_1574 75%,128
1575,loan_1575,loan_1575 70%,163
1576,loan_1576,loan_1576 44%,129
1577,loan_1577,loan_1577 32%,185
1578,loan_1578,loan_1578 71%,134
1579,loan_1579,loan_1579 92%,94
1580,loan_1580,loan_1580 85%,134
1581,loan_1581,loan_1581 97%,92
1582,loan_1582,loan_1582 95%,190
1583,loan_1583,loan_1583 38%,92
1584,loan_1584,loan_1584 23%,179
1585,loan_1585,loan_1585 64%,97
1586,loan_1586,loan_1586 39%,146
1587,loan_1587,loan_1587 89%,156
1588,loan_1588,loan_1588 35%,88
1589,loan_1589,loan_1589 79%,100
1590,loan_1590,loan_1590 34%,134
1591,loan_1591,loan_1591 83%,188
1592,loan_1592,loan_1592 48%,148
1593,loan_1593,loan_1593 86%,118
1594,loan_1594,loan_1594 70%,113
1595,loan_1595,loan_1595 40%,102
1596,loan_1596,loan_1596 92%,175
1597,loan_1597,loan_1597 33%,149
1598,loan_1598,loan_1598 26%,191
1599,loan_1599,loan_1599 66%,142
1600,loan_1600,loan_1600 81%,130
1601,loan_1601,loan_1601 96%,146
1602,loan_1602,loan_1602 79%,175
1603,loan_1603,loan_1603 25%,154
1604,loan_1604,loan_1604 36%,124
1605,loan_1605,loan_1605 67%,88
1606,loan_1606,loan_1606 99%,108
1607,loan_1607,loan_1607 63%,199
1608,loan_1608,loan_1608 51%,116
1609,loan_1609,loan_1609 84%,198
1610,loan_1610,loan_1610 42%,129
1611,loan_1611,loan_1611 40%,92
1612,loan_1612,loan_1612 98%,108
1613,loan_1613,loan_1613 45%,137
1614,loan_1614,loan_1614 42%,184
1615,loan_1615,loan_1615 54%,111
1616,loan_1616,loan_1616 65%,86
1617,loan_1617,loan_1617 28%,177
1618,loan_1618,loan_1618 41%,82
1619,loan_1619,loan_1619 23%,144
1620,loan_1620,loan_1620 56%,189
1621,loan_1621,loan_1621 92%,169
1622,loan_1622,loan_1622 88%,168
1623,loan_1623,loan_1623 95%,110
1624,loan_1624,loan_1624 73%,159
1625,loan_1625,loan_1625 88%,189
1626,loan_1626,loan_1626 85%,184
1627,loan_1627,loan_1627 21%,193
1628,loan_1628,loan_1628 77%,97
1629,loan_1629,loan_1629 26%,149
1630,loan_1630,loan_1630 69%,162
1631,loan_1631,loan_1631 71%,150
1632,loan_1632,loan_1632 37%,146
1633,loan_1633,loan_1633 90%,91
1634,loan_1634,loan_1634 78%,180
1635,loan_1635,loan_1635 91%,94
1636,loan_1636,loan_1636 80%,157
1637,loan_1637,loan_1637 77%,189
1638,loan_1638,loan_1638 85%,180
1639,loan_1639,loan_1639 50%,148
1640,loan_1640,loan_1640 91%,173
1641,loan_1641,loan_1641 58%,137
1642,loan_1642,loan_1642 22%,139
1643,loan_1643,loan_1643 71%,129
1644,loan_1644,loan_1644 67%,162
1645,loan_1645,loan_1645 92%,138
1646,loan_1646,loan_1646 98%,92
1647,loan_1647,loan_1647 36%,113
1648,loan_1648,loan_1648 25%,191
1649,loan_1649,loan_1649 27%,116
1650,loan_1650,loan_1650 50%,187
1651,loan_1651,loan_1651 36%,120
1652,loan_1652,loan_1652 53%,190
1653,loan_1653,loan_1653 26%,94
1654,loan_1654,loan_1654 69%,88
1655,loan_1655,loan_1655 63%,94
1656,loan_1656,loan_1656 97%,84
1657,loan_1657,loan_1657 55%,86
1658,loan_1658,loan_1658 81%,187
1659,loan_1659,loan_1659 36%,80
1660,loan_1660,loan_1660 60%,170
1661,loan_1661,loan_1661 20%,183
1662,loan_1662,loan_1662 75%,196
1663,loan_1663,loan_1663 31%,81
1664,loan_1664,loan_1664 65%,96
1665,loan_1665,loan_1665 52%,191
1666,loan_1666,loan_1666 87%,161
1667,loan_1667,loan_1667 82%,140
1668,loan_1668,loan_1668 73%,196
1669,loan_1669,loan_1669 77%,171
1670,loan_1670,loan_1670 28%,130
1671,loan_1671,loan_1671 37%,184
1672,loan_1672,loan_1672 80%,83
1673,loan_1673,loan_1673 91%,120
1674,loan_1674,loan_1674 66%,92
1675,loan_1675,loan_1675 61%,95
1676,loan_1676,loan_1676 25%,133
1677,loan_1677,loan_1677 38%,197
1678,loan_1678,loan_1678 57%,157
1679,loan_1679,loan_1679 26%,194
1680,loan_1680,loan_1680 72%,109
1681,loan_1681,loan_1681 28%,144
1682,loan_1682,loan_1682 55%,117
1683,loan_1683,loan_1683 86%,124
1684,loan_1684,loan_1684 85%,164
1685,loan_1685,loan_1685 48%,160
1686,loan_1686,loan_1686 22%,137
1687,loan_1687,loan_1687 38%,172
1688,loan_1688,loan_1688 95%,99
1689,loan_1689,loan_1689 21%,116
1690,loan_1690,loan_1690 99%,175
1691,loan_1691,loan_1691 89%,122
1692,loan_1692,loan_1692 54%,172
1693,loan_1693,loan_1693 79%,109
1694,loan_1694,loan_1694 32%,145
1695,loan_1695,loan_1695 89%,197
1696,loan_1696,loan_1696 52%,82
1697,loan_1697,loan_1697 28%,170
1698,loan_1698,loan_1698 91%,189
1699,loan_1699,loan_1699 55%,91
1700,loan_1700,loan_1700 74%,93
1701,loan_1701,loan_1701 64%,184
1702,loan_1702,loan_1702 85%,91
1703,loan_1703,loan_1703 41%,155
1704,loan_1704,loan_1704 74%,200
1705,loan_1705,loan_1705 85%,158
1706,loan_1706,loan_1706 93%,128
1707,loan_1707,loan_1707 51%,95
1708,loan_1708,loan_1708 95%,158
1709,loan_1709,loan_1709 55%,187
1710,loan_1710,loan_1710 52%,98
1711,loan_1711,loan_1711 71%,181
1712,loan_1712,loan_1712 34%,165
1713,loan_1713,loan_1713 52%,183
1714,loan_1714,loan_1714 81%,108
1715,loan_1715,loan_1715 72%,171
1716,loan_1716,loan_1716 37%,101
1717,loan_1717,loan_1717 34%,144
1718,loan_1718,loan_1718 41%,197
1719,loan_1719,loan_1719 60%,145
1720,loan_1720,loan_1720 43%,181
1721,loan_1721,loan_1721 30%,191
1722,loan_1722,loan_1722 74%,137
1723,loan_1723,loan_1723 71%,144
1724,loan_1724,loan_1724 51%,167
1725,loan_1725,loan_1725 99%,188
1726,loan_1726,loan_1726 92%,94
1727,loan_1727,loan_1727 38%,107
1728,loan_1728,loan_1728 74%,186
1729,loan_1729,loan_1729 83%,183
1730,loan_1730,loan_1730 45%,132
1731,loan_1731,loan_1731 70%,181
1732,loan_1732,loan_1732 52%,136
1733,loan_1733,loan_1733 65%,176
1734,loan_1734,loan_1734 31%,153
1735,loan_1735,loan_1735 28%,88
1736,loan_1736,loan_1736 56%,84
1737,loan_1737,loan_1737 58%,85
1738,loan_1738,loan_1738 64%,191
1739,loan_1739,loan_1739 36%,137
1740,loan_1740,loan_1740 67%,127
1741,loan_1741,loan_1741 73%,85
1742,loan_1742,loan_1742 56%,81
1743,loan_1743,loan_1743 76%,127
1744,loan_1744,loan_1744 73%,193
1745,loan_1745,loan_1745 66%,133
1746,loan_1746,loan_1746 20%,90
1747,loan_1747,loan_1747 57%,101
1748,loan_1748,loan_1748 77%,196
1749,loan_1749,loan_1749 57%,82
1750,loan_1750,loan_1750 51%,200
1751,loan_1751,loan_1751 28%,194
1752,loan_1752,loan_1752 60%,184
1753,loan_1753,loan_1753 36%,187
1754,loan_1754,loan_1754 55%,159
1755,loan_1755,loan_1755 54%,185
1756,loan_1756,loan_1756 74%,84
1757,loan_1757,loan_1757 56%,132
1758,loan_1758,loan_1758 54%,95
1759,loan_1759,loan_1759 75%,132
1760,loan_1760,loan_1760 42%,118
1761,loan_1761,loan_1761 35%,174
1762,loan_1762,loan_1762 94%,168
1763,loan_1763,loan_1763 32%,189
1764,loan_1764,loan_1764 31%,191
1765,loan_1765,loan_1765 32%,103
1766,loan_1766,loan_1766 55%,100
1767,loan_1767,loan_1767 97%,107
1768,loan_1768,loan_1768 81%,110
1769,loan_1769,loan_1769 34%,180
1770,loan_1770,loan_1770 47%,158
1771,loan_1771,loan_1771 46%,164
1772,loan_1772,loan_1772 60%,116
1773,loan_1773,loan_1773 43%,124
1774,loan_1774,loan_1774 87%,83
1775,loan_1775,loan_1775 99%,137
1776,loan_1776,loan_1776 99%,148
1777,loan_1777,loan_1777 59%,133
1778,loan_1778,loan_1778 76%,141
1779,loan_1779,loan_1779 77%,133
1780,loan_1780,loan_1780 71%,168
1781,loan_1781,loan_1781 24%,80
1782,loan_1782,loan_1782 29%,185
1783,loan_1783,loan_1783 47%,138
1784,loan_1784,loan_1784 61%,158
1785,loan_1785,loan_1785 59%,147
1786,loan_1786,loan_1786 30%,182
1787,loan_1787,loan_1787 77%,196
1788,loan_1788,loan_1788 44%,123
1789,loan_1789,loan_1789 83%,147
1790,loan_1790,loan_1790 85%,116
1791,loan_1791,loan_1791 74%,177
1792,loan_1792,loan_1792 85%,86
1793,loan_1793,loan_1793 21%,110
1794,loan_1794,loan_1794 73%,140
1795,loan_1795,loan_1795 76%,95
1796,loan_1796,loan_1796 20%,90
1797,loan_1797,loan_1797 79%,103
1798,loan_1798,loan_1798 54%,182
1799,loan_1799,loan_1799 21%,160
1800,loan_1800,loan_1800 75%,145
1801,loan_1801,loan_1801 76%,120
1802,loan_1802,loan_1802 55%,97
1803,loan_1803,loan_1803 83%,118
1804,loan_1804,loan_1804 32%,148
1805,loan_1805,loan_1805 43%,195
1806,loan_1806,loan_1806 71%,175
1807,loan_1807,loan_1807 62%,156
1808,loan_1808,loan_1808 39%,190
1809,loan_1809,loan_1809 81%,170
1810,loan_1810,loan_1810 67%,159
1811,loan_1811,loan_1811 59%,187
1812,loan_1812,loan_1812 52%,139
1813,loan_1813,loan_1813 37%,157
1814,loan_1814,loan_1814 21%,104
1815,loan_1815,loan_1815 63%,187
1816,loan_1816,loan_1816 21%,156
1817,loan_1817,loan_1817 46%,180
1818,loan_1818,loan_1818 49%,84
1819,loan_1819,loan_1819 72%,111
1820,loan_1820,loan_1820 37%,125
1821,loan_1821,loan_1821 93%,174
1822,loan_1822,loan_1822 34%,196
1823,loan_1823,loan_1823 72%,122
1824,loan_1824,loan_1824 58%,183
1825,loan_1825,loan_1825 36%,149
1826,loan_1826,loan_1826 37%,85
1827,loan_1827,loan_1827 51%,153
1828,loan_1828,loan_1828 35%,123
1829,loan_1829,loan_1829 31%,136
1830,loan_1830,loan_1830 74%,98
1831,loan_1831,loan_1831 71%,158
1832,loan_1832,loan_1832 69%,104
1833,loan_1833,loan_1833 20%,105
1834,loan_1834,loan_1834 46%,117
1835,loan_1835,loan_1835 67%,171
1836,loan_1836,loan_1836 93%,179
1837,loan_1837,loan_1837 82%,184
1838,loan_1838,loan_1838 66%,97
1839,loan_1839,loan_1839 65%,82
1840,loan_1840,loan_1840 91%,112
1841,loan_1841,loan_1841 91%,146
1842,loan_1842,loan_1842 80%,103
1843,loan_1843,loan_1843 56%,147
1844,loan_1844,loan_1844 68%,105
1845,loan_1845,loan_1845 23%,166
1846,loan_1846,loan_1846 25%,97
1847,loan_1847,loan_1847 97%,188
1848,loan_1848,loan_1848 71%,134
1849,loan_1849,loan_1849 84%,139
1850,loan_1850,loan_1850 51%,127
1851,loan_1851,loan_1851 31%,122
1852,loan_1852,loan_1852 34%,185
1853,loan_1853,loan_1853 35%,167
1854,loan_1854,loan_1854 49%,182
1855,loan_1855,loan_1855 26%,177
1856,loan_1856,loan_1856 56%,198
1857,loan_1857,loan_1857 69%,143
1858,loan_1858,loan_1858 73%,113
1859,loan_1859,loan_1859 86%,105
1860,loan_1860,loan_1860 91%,175
1861,loan_1861,loan_1861 54%,123
1862,loan_1862,loan_1862 48%,182
1863,loan_1863,loan_1863 68%,175
1864,loan_1864,loan_1864 53%,114
1865,loan_1865,loan_1865 87%,108
1866,loan_1866,loan_1866 75%,141
1867,loan_1867,loan_1867 57%,84
1868,loan_1868,loan_1868 96%,142
1869,loan_1869,loan_1869 36%,141
1870,loan_1870,loan_1870 43%,156
1871,loan_1871,loan_1871 51%,124
1872,loan_1872,loan_1872 87%,108
1873,loan_1873,loan_1873 51%,121
1874,loan_1874,loan_1874 95%,87
1875,loan_1875,loan_1875 52%,156
1876,loan_1876,loan_1876 44%,124
1877,loan_1877,loan_1877 52%,128
1878,loan_1878,loan_1878 70%,140
1879,loan_1879,loan_1879 87%,135
1880,loan_1880,loan_1880 92%,112
1881,loan_1881,loan_1881 38%,183
1882,loan_1882,loan_1882 91%,133
1883,loan_1883,loan_1883 94%,137
1884,loan_1884,loan_1884 32%,147
1885,loan_1885,loan_1885 57%,92
1886,loan_1886,loan_1886 83%,114
1887,loan_1887,loan_1887 45%,183
1888,loan_1888,loan_1888 52%,183
1889,loan_1889,loan_1889 92%,142
1890,loan_1890,loan_1890 24%,139
1891,loan_1891,loan_1891 88%,83
1892,loan_1892,loan_1892 97%,139
1893,loan_1893,loan_1893 43%,87
1894,loan_1894,loan_1894 30%,192
1895,loan_1895,loan_1895 28%,116
1896,loan_1896,loan_1896 30%,161
1897,loan_1897,loan_1897 51%,117
1898,loan_1898,loan_1898 22%,115
1899,loan_1899,loan_1899 81%,169
1900,loan_1900,loan_1900 84%,196
1901,loan_1901,loan_1901 48%,176
1902,loan_1902,loan_1902 45%,133
1903,loan_1903,loan_1903 61%,125
1904,loan_1904,loan_1904 43%,87
1905,loan_1905,loan_1905 76%,165
1906,loan_1906,loan_1906 74%,154
1907,loan_1907,loan_1907 91%,187
1908,loan_1908,loan_1908 51%,198
1909,loan_1909,loan_1909 25%,119
1910,loan_1910,loan_1910 77%,160
1911,loan_1911,loan_1911 43%,186
1912,loan_1912,loan_1912 99%,82
1913,loan_1913,loan_1913 43%,109
1914,loan_1914,loan_1914 28%,173
1915,loan_1915,loan_1915 46%,189
1916,loan_1916,loan_1916 44%,84
1917,loan_1917,loan_1917 45%,185
1918,loan_1918,loan_1918 94%,103
1919,loan_1919,loan_1919 62%,186
1920,loan_1920,loan_1920 53%,155
1921,loan_1921,loan_1921 79%,163
1922,loan_1922,loan_1922 33%,88
1923,loan_1923,loan_1923 29%,185
1924,loan_1924,loan_1924 72%,106
1925,loan_1925,loan_1925 68%,125
1926,loan_1926,loan_1926 87%,162
1927,loan_1927,loan_1927 76%,82
1928,loan_1928,loan_1928 94%,103
1929,loan_1929,loan_1929 59%,108
1930,loan_1930,loan_1930 99%,170
1931,loan_1931,loan_1931 50%,170
1932,loan_1932,loan_1932 62%,152
1933,loan_1933,loan_1933 60%,199
1934,loan_1934,loan_1934 85%,112
1935,loan_1935,loan_1935 90%,155
1936,loan_1936,loan_1936 96%,166
1937,loan_1937,loan_1937 81%,177
1938,loan_1938,loan_1938 78%,183
1939,loan_1939,loan_1939 31%,114
1940,loan_1940,loan_1940 54%,123
1941,loan_1941,loan_1941 47%,140
1942,loan_1942,loan_1942 74%,145
1943,loan_1943,loan_1943 83%,197
1944,loan_1944,loan_1944 91%,193
1945,loan_1945,loan_1945 22%,162
1946,loan_1946,loan_1946 82%,114
1947,loan_1947,loan_1947 49%,91
1948,loan_1948,loan_1948 22%,85
1949,loan_1949,loan_1949 91%,99
1950,loan_1950,loan_1950 83%,127
1951,loan_1951,loan_1951 49%,142
1952,loan_1952,loan_1952 36%,104
1953,loan_1953,loan_1953 56%,153
1954,loan_1954,loan_1954 99%,96
1955,loan_1955,loan_1955 74%,150
1956,loan_1956,loan_1956 52%,130
1957,loan_1957,loan_1957 84%,122
1958,loan_1958,loan_1958 32%,180
1959,loan_1959,loan_1959 22%,173
1960,loan_1960,loan_1960 80%,179
1961,loan_1961,loan_1961 72%,155
1962,loan_1962,loan_1962 94%,94
1963,loan_1963,loan_1963 82%,118
1964,loan_1964,loan_1964 49%,180
1965,loan_1965,loan_1965 72%,120
1966,loan_1966,loan_1966 88%,148
1967,loan_1967,loan_1967 40%,96
1968,loan_1968,loan_1968 75%,84
1969,loan_1969,loan_1969 93%,110
1970,loan_1970,loan_1970 93%,187
1971,loan_1971,loan_1971 50%,114
1972,loan_1972,loan_1972 37%,81
1973,loan_1973,loan_1973 64%,174
1974,loan_1974,loan_1974 41%,122
1975,loan_1975,loan_1975 89%,103
1976,loan_1976,loan_1976 74%,173
1977,loan_1977,loan_1977 36%,154
1978,loan_1978,loan_1978 64%,110
1979,loan_1979,loan_1979 76%,87
1980,loan_1980,loan_1980 45%,189
1981,loan_1981,loan_1981 86%,119
1982,loan_1982,loan_1982 94%,134
1983,loan_1983,loan_1983 89%,194
1984,loan_1984,loan_1984 70%,182
1985,loan_1985,loan_1985 70%,110
1986,loan_1986,loan_1986 26%,103
1987,loan_1987,loan_1987 83%,155
1988,loan_1988,loan_1988 35%,166
1989,loan_1989,loan_1989 93%,156
1990,loan_1990,loan_1990 44%,82
1991,loan_1991,loan_1991 95%,200
1992,loan_1992,loan_1992 21%,125
1993,loan_1993,loan_1993 45%,98
1994,loan_1994,loan_1994 51%,171
1995,loan_1995,loan_1995 31%,138
1996,loan_1996,loan_1996 29%,140
1997,loan_1997,loan_1997 72%,102
1998,loan_1998,loan_1998 59%,131
1999,loan_1999,loan_1999 78%,128
2000,loan_2000,loan_2000 34%,187
2001,loan_2001,loan_2001 67%,129
2002,loan_2002,loan_2002 60%,131
2003,loan_2003,loan_2003 56%,186
2004,loan_2004,loan_2004 30%,130
2005,loan_2005,loan_2005 69%,123
2006,loan_2006,loan_2006 63%,171
2007,loan_2007,loan_2007 77%,185
2008,loan_2008,loan_2008 58%,88
2009,loan_2009,loan_2009 30%,173
2010,loan_2010,loan_2010 27%,80
2011,loan_2011,loan_2011 36%,164
2012,loan_2012,loan_2012 23%,184
2013,loan_2013,loan_2013 58%,175
2014,loan_2014,loan_2014 52%,157
2015,loan_2015,loan_2015 39%,126
2016,loan_2016,loan_2016 59%,184
2017,loan_2017,loan_2017 56%,144
2018,loan_2018,loan_2018 77%,127
2019,loan_2019,loan_2019 61%,98
2020,loan_2020,loan_2020 93%,85
2021,loan_2021,loan_2021 29%,108
2022,loan_2022,loan_2022 85%,126
2023,loan_2023,loan_2023 94%,182
2024,loan_2024,loan_2024 68%,137
2025,loan_2025,loan_2025 61%,142
2026,loan_2026,loan_2026 59%,172
2027,loan_2027,loan_2027 41%,126
2028,loan_2028,loan_2028 55%,190
2029,loan_2029,loan_2029 32%,89
2030,loan_2030,loan_2030 70%,119
2031,loan_2031,loan_2031 34%,182
2032,loan_2032,loan_2032 39%,94
2033,loan_2033,loan_2033 93%,171
2034,loan_2034,loan_2034 43%,101
2035,loan_2035,loan_2035 54%,179
2036,loan_2036,loan_2036 61%,181
2037,loan_2037,loan_2037 78%,139
2038,loan_2038,loan_2038 53%,110
2039,loan_2039,loan_2039 69%,155
2040,loan_2040,loan_2040 24%,141
2041,loan_2041,loan_2041 51%,147
2042,loan_2042,loan_2042 57%,188
2043,loan_2043,loan_2043 20%,156
2044,loan_2044,loan_2044 71%,163
2045,loan_2045,loan_2045 43%,186
2046,loan_2046,loan_2046 27%,148
2047,loan_2047,loan_2047 33%,96
2048,loan_2048,loan_2048 75%,175
2049,loan_2049,loan_2049 26%,147
2050,loan_2050,loan_2050 60%,81
2051,loan_2051,loan_2051 60%,163
2052,loan_2052,loan_2052 61%,136
2053,loan_2053,loan_2053 65%,168
2054,loan_2054,loan_2054 93%,139
2055,loan_2055,loan_2055 20%,110
2056,loan_2056,loan_2056 74%,165
2057,loan_2057,loan_2057 41%,188
2058,loan_2058,loan_2058 31%,89
2059,loan_2059,loan_2059 92%,143
2060,loan_2060,loan_2060 89%,168
2061,loan_2061,loan_2061 69%,188
2062,loan_2062,loan_2062 73%,92
2063,loan_2063,loan_2063 81%,183
2064,loan_2064,loan_2064 64%,158
2065,loan_2065,loan_2065 63%,124
2066,loan_2066,loan_2066 23%,147
2067,loan_2067,loan_2067 20%,132
2068,loan_2068,loan_2068 98%,198
2069,loan_2069,loan_2069 69%,104
2070,loan_2070,loan_2070 54%,118
2071,loan_2071,loan_2071 81%,165
2072,loan_2072,loan_2072 98%,114
2073,loan_2073,loan_2073 93%,187
2074,loan_2074,loan_2074 97%,155
2075,loan_2075,loan_2075 74%,137
2076,loan_2076,loan_2076 48%,127
2077,loan_2077,loan_2077 62%,161
2078,loan_2078,loan_2078 77%,200
2079,loan_2079,loan_2079 61%,197
2080,loan_2080,loan_2080 50%,196
2081,loan_2081,loan_2081 67%,130
2082,loan_2082,loan_2082 56%,102
2083,loan_2083,loan_2083 67%,81
2084,loan_2084,loan_2084 67%,112
2085,loan_2085,loan_2085 81%,167
2086,loan_2086,loan_2086 86%,143
2087,loan_2087,loan_2087 87%,191
2088,loan_2088,loan_2088 42%,147
2089,loan_2089,loan_2089 47%,154
2090,loan_2090,loan_2090 37%,163
2091,loan_2091,loan_2091 36%,99
2092,loan_2092,loan_2092 96%,85
2093,loan_2093,loan_2093 28%,110
2094,loan_2094,loan_2094 69%,164
2095,loan_2095,loan_2095 64%,136
2096,loan_2096,loan_2096 23%,179
2097,loan_2097,loan_2097 43%,113
2098,loan_2098,loan_2098 70%,165
2099,loan_2099,loan_2099 53%,200
2100,loan_2100,loan_2100 26%,105
2101,loan_2101,loan_2101 37%,116
2102,loan_2102,loan_2102 49%,133
2103,loan_2103,loan_2103 22%,174
2104,loan_2104,loan_2104 92%,169
2105,loan_2105,loan_2105 52%,117
2106,loan_2106,loan_2106 25%,89
2107,loan_2107,loan_2107 98%,98
2108,loan_2108,loan_2108 40%,192
2109,loan_2109,loan_2109 97%,118
2110,loan_2110,loan_2110 64%,167
2111,loan_2111,loan_2111 67%,139
2112,loan_2112,loan_2112 27%,142
2113,loan_2113,loan_2113 70%,158
2114,loan_2114,loan_2114 42%,162
2115,loan_2115,loan_2115 99%,107
2116,loan_2116,loan_2116 54%,175
2117,loan_2117,loan_2117 31%,108
2118,loan_2118,loan_2118 94%,129
2119,loan_2119,loan_2119 96%,90
2120,loan_2120,loan_2120 38%,126
2121,loan_2121,loan_2121 69%,185
2122,loan_2122,loan_2122 73%,169
2123,loan_2123,loan_2123 45%,110
2124,loan_2124,loan_2124 35%,127
2125,loan_2125,loan_2125 32%,192
2126,loan_2126,loan_2126 74%,164
2127,loan_2127,loan_2127 58%,193
2128,loan_2128,loan_2128 94%,121
2129,loan_2129,loan_2129 29%,88
2130,loan_2130,loan_2130 34%,85
2131,loan_2131,loan_2131 43%,149
2132,loan_2132,loan_2132 77%,83
2133,loan_2133,loan_2133 68%,197
2134,loan_2134,loan_2134 25%,167
2135,loan_2135,loan_2135 95%,160
2136,loan_2136,loan_2136 94%,92
2137,loan_2137,loan_2137 60%,91
2138,loan_2138,loan_2138 68%,80
2139,loan_2139,loan_2139 76%,84
2140,loan_2140,loan_2140 63%,174
2141,loan_2141,loan_2141 28%,128
2142,loan_2142,loan_2142 32%,182
2143,loan_2143,loan_2143 42%,106
2144,loan_2144,loan_2144 80%,94
2145,loan_2145,loan_2145 38%,190
2146,loan_2146,loan_2146 55%,103
2147,loan_2147,loan_2147 86%,196
2148,loan_2148,loan_2148 44%,91
2149,loan_2149,loan_2149 83%,197
2150,loan_2150,loan_2150 43%,134
2151,loan_2151,loan_2151 95%,107
2152,loan_2152,loan_2152 83%,98
2153,loan_2153,loan_2153 84%,124
2154,loan_2154,loan_2154 68%,136
2155,loan_2155,loan_2155 69%,130
2156,loan_2156,loan_2156 74%,184
2157,loan_2157,loan_2157 94%,198
2158,loan_2158,loan_2158 97%,123
2159,loan_2159,loan_2159 24%,136
2160,loan_2160,loan_2160 33%,115
2161,loan_2161,loan_2161 94%,169
2162,loan_2162,loan_2162 82%,97
2163,loan_2163,loan_2163 34%,193
2164,loan_2164,loan_2164 92%,194
2165,loan_2165,loan_2165 96%,132
2166,loan_2166,loan_2166 47%,90
2167,loan_2167,loan_2167 22%,124
2168,loan_2168,loan_2168 56%,93
2169,loan_2169,loan_2169 22%,141
2170,loan_2170,loan_2170 69%,106
2171,loan_2171,loan_2171 96%,146
2172,loan_2172,loan_2172 26%,125
2173,loan_2173,loan_2173 49%,184
2174,loan_2174,loan_2174 94%,160
2175,loan_2175,loan_2175 33%,133
2176,loan_2176,loan_2176 53%,167
2177,loan_2177,loan_2177 86%,120
2178,loan_2178,loan_2178 30%,160
2179,loan_2179,loan_2179 54%,111
2180,loan_2180,loan_2180 48%,194
2181,loan_2181,loan_2181 62%,146
2182,loan_2182,loan_2182 61%,152
2183,loan_2183,loan_2183 64%,177
2184,loan_2184,loan_2184 88%,90
2185,loan_2185,loan_2185 99%,150
2186,loan_2186,loan_2186 56%,131
2187,loan_2187,loan_2187 61%,171
2188,loan_2188,loan_2188 65%,119
2189,loan_2189,loan_2189 68%,179
2190,loan_2190,loan_2190 97%,89
2191,loan_2191,loan_2191 87%,183
2192,loan_2192,loan_2192 55%,178
2193,loan_2193,loan_2193 32%,193
2194,loan_2194,loan_2194 97%,183
2195,loan_2195,loan_2195 42%,141
2196,loan_2196,loan_2196 62%,125
2197,loan_2197,loan_2197 23%,140
2198,loan_2198,loan_2198 78%,173
2199,loan_2199,loan_2199 93%,153
2200,loan_2200,loan_2200 72%,110
2201,loan_2201,loan_2201 98%,151
2202,loan_2202,loan_2202 52%,157
2203,loan_2203,loan_2203 77%,169
2204,loan_2204,loan_2204 81%,97
2205,loan_2205,loan_2205 52%,190
2206,loan_2206,loan_2206 25%,93
2207,loan_2207,loan_2207 66%,125
2208,loan_2208,loan_2208 95%,97
2209,loan_2209,loan_2209 57%,113
2210,loan_2210,loan_2210 53%,90
2211,loan_2211,loan_2211 88%,176
2212,loan_2212,loan_2212 98%,169
2213,loan_2213,loan_2213 96%,129
2214,loan_2214,loan_2214 27%,86
2215,loan_2215,loan_2215 79%,126
2216,loan_2216,loan_2216 41%,127
2217,loan_2217,loan_2217 43%,142
2218,loan_2218,loan_2218 87%,148
2219,loan_2219,loan_2219 47%,185
2220,loan_2220,loan_2220 64%,156
2221,loan_2221,loan_2221 34%,167
2222,loan_2222,loan_2222 47%,144
2223,loan_2223,loan_2223 63%,116
2224,loan_2224,loan_2224 42%,173
2225,loan_2225,loan_2225 46%,195
2226,loan_2226,loan_2226 43%,125
2227,loan_2227,loan_2227 72%,153
2228,loan_2228,loan_2228 50%,135
2229,loan_2229,loan_2229 63%,135
2230,loan_2230,loan_2230 50%,170
2231,loan_2231,loan_2231 86%,100
2232,loan_2232,loan_2232 66%,108
2233,loan_2233,loan_2233 58%,116
2234,loan_2234,loan_2234 96%,193
2235,loan_2235,loan_2235 45%,167
2236,loan_2236,loan_2236 20%,198
2237,loan_2237,loan_2237 49%,127
2238,loan_2238,loan_2238 63%,162
2239,loan_2239,loan_2239 84%,156
2240,loan_2240,loan_2240 37%,165
2241,loan_2241,loan_2241 66%,104
2242,loan_2242,loan_2242 75%,122
2243,loan_2243,loan_2243 68%,89
2244,loan_2244,loan_2244 30%,176
2245,loan_2245,loan_2245 56%,84
2246,loan_2246,loan_2246 51%,183
2247,loan_2247,loan_2247 47%,146
2248,loan_2248,loan_2248 24%,132
2249,loan_2249,loan_2249 99%,159
2250,loan_2250,loan_2250 57%,160
2251,loan_2251,loan_2251 67%,113
2252,loan_2252,loan_2252 95%,106
2253,loan_2253,loan_2253 27%,175
2254,loan_2254,loan_2254 79%,163
2255,loan_2255,loan_2255 35%,111
2256,loan_2256,loan_2256 61%,197
2257,loan_2257,loan_2257 41%,199
2258,loan_2258,loan_2258 73%,136
2259,loan_2259,loan_2259 70%,156
2260,loan_2260,loan_2260 41%,174
2261,loan_2261,loan_2261 37%,94
2262,loan_2262,loan_2262 57%,118
2263,loan_2263,loan_2263 24%,149
2264,loan_2264,loan_2264 43%,100
2265,loan_2265,loan_2265 58%,149
2266,loan_2266,loan_2266 86%,155
2267,loan_2267,loan_2267 26%,135
2268,loan_2268,loan_2268 45%,92
2269,loan_2269,loan_2269 94%,139
2270,loan_2270,loan_2270 34%,105
2271,loan_2271,loan_2271 62%,119
2272,loan_2272,loan_2272 36%,179
2273,loan_2273,loan_2273 98%,199
2274,loan_2274,loan_2274 21%,119
2275,loan_2275,loan_2275 38%,96
2276,loan_2276,loan_2276 89%,172
2277,loan_2277,loan_2277 52%,183
2278,loan_2278,loan_2278 46%,106
2279,loan_2279,loan_2279 22%,154
2280,loan_2280,loan_2280 69%,180
2281,loan_2281,loan_2281 83%,172
2282,loan_2282,loan_2282 91%,138
2283,loan_2283,loan_2283 22%,83
2284,loan_2284,loan_2284 43%,140
2285,loan_2285,loan_2285 80%,172
2286,loan_2286,loan_2286 99%,176
2287,loan_2287,loan_2287 23%,85
2288,loan_2288,loan_2288 43%,145
2289,loan_2289,loan_2289 92%,132
2290,loan_2290,loan_2290 77%,138
2291,loan_2291,loan_2291 38%,93
2292,loan_2292,loan_2292 97%,134
2293,loan_2293,loan_2293 92%,185
2294,loan_2294,loan_2294 30%,169
2295,loan_2295,loan_2295 28%,121
2296,loan_2296,loan_2296 82%,93
2297,loan_2297,loan_2297 94%,146
2298,loan_2298,loan_2298 25%,164
2299,loan_2299,loan_2299 81%,188
2300,loan_2300,loan_2300 56%,200
2301,loan_2301,loan_2301 51%,111
2302,loan_2302,loan_2302 71%,170
2303,loan_2303,loan_2303 54%,169
2304,loan_2304,loan_2304 83%,158
2305,loan_2305,loan_2305 98%,135
2306,loan_2306,loan_2306 66%,82
2307,loan_2307,loan_2307 60%,195
2308,loan_2308,loan_2308 93%,176
2309,loan_2309,loan_2309 34%,181
2310,loan_2310,loan_2310 68%,106
2311,loan_2311,loan_2311 41%,123
2312,loan_2312,loan_2312 41%,146
2313,loan_2313,loan_2313 33%,130
2314,loan_2314,loan_2314 66%,170
2315,loan_2315,loan_2315 28%,100
2316,loan_2316,loan_2316 71%,129
2317,loan_2317,loan_2317 75%,153
2318,loan_2318,loan_2318 33%,130
2319,loan_2319,loan_2319 62%,200
2320,loan_2320,loan_2320 23%,172
2321,loan_2321,loan_2321 67%,142
2322,loan_2322,loan_2322 55%,188
2323,loan_2323,loan_2323 62%,177
2324,loan_2324,loan_2324 48%,160
2325,loan_2325,loan_2325 96%,107
2326,loan_2326,loan_2326 94%,98
2327,loan_2327,loan_2327 45%,92
2328,loan_2328,loan_2328 48%,186
2329,loan_2329,loan_2329 75%,81
2330,loan_2330,loan_2330 44%,150
2331,loan_2331,loan_2331 33%,101
2332,loan_2332,loan_2332 89%,99
2333,loan_2333,loan_2333 51%,111
2334,loan_2334,loan_2334 60%,168
2335,loan_2335,loan_2335 69%,102
2336,loan_2336,loan_2336 70%,119
2337,loan_2337,loan_2337 73%,104
2338,loan_2338,loan_2338 92%,94
2339,loan_2339,loan_2339 83%,177
2340,loan_2340,loan_2340 49%,193
2341,loan_2341,loan_2341 79%,181
2342,loan_2342,loan_2342 25%,182
2343,loan_2343,loan_2343 29%,152
2344,loan_2344,loan_2344 32%,122
2345,loan_2345,loan_2345 59%,179
2346,loan_2346,loan_2346 96%,98
2347,loan_2347,loan_2347 21%,152
2348,loan_2348,loan_2348 42%,142
2349,loan_2349,loan_2349 66%,194
2350,loan_2350,loan_2350 94%,165
2351,loan_2351,loan_2351 72%,120
2352,loan_2352,loan_2352 87%,121
2353,loan_2353,loan_2353 50%,150
2354,loan_2354,loan_2354 81%,114
2355,loan_2355,loan_2355 45%,100
2356,loan_2356,loan_2356 92%,147
2357,loan_2357,loan_2357 99%,163
2358,loan_2358,loan_2358 59%,134
2359,loan_2359,loan_2359 53%,119
2360,loan_2360,loan_2360 65%,195
2361,loan_2361,loan_2361 47%,196
2362,loan_2362,loan_2362 73%,82
2363,loan_2363,loan_2363 72%,144
2364,loan_2364,loan_2364 31%,105
2365,loan_2365,loan_2365 40%,161
2366,loan_2366,loan_2366 65%,127
2367,loan_2367,loan_2367 48%,84
2368,loan_2368,loan_2368 85%,168
2369,loan_2369,loan_2369 94%,167
2370,loan_2370,loan_2370 86%,194
2371,loan_2371,loan_2371 29%,152
2372,loan_2372,loan_2372 74%,115
2373,loan_2373,loan_2373 58%,107
2374,loan_2374,loan_2374 21%,146
2375,loan_2375,loan_2375 64%,93
2376,loan_2376,loan_2376 26%,157
2377,loan_2377,loan_2377 46%,189
2378,loan_2378,loan_2378 87%,165
2379,loan_2379,loan_2379 35%,156
2380,loan_2380,loan_2380 27%,121
2381,loan_2381,loan_2381 20%,82
2382,loan_2382,loan_2382 93%,185
2383,loan_2383,loan_2383 48%,105
2384,loan_2384,loan_2384 93%,136
2385,loan_2385,loan_2385 97%,173
2386,loan_2386,loan_2386 93%,160
2387,loan_2387,loan_2387 32%,163
2388,loan_2388,loan_2388 64%,162
2389,loan_2389,loan_2389 44%,143
2390,loan_2390,loan_2390 39%,176
2391,loan_2391,loan_2391 53%,128
2392,loan_2392,loan_2392 93%,124
2393,loan_2393,loan_2393 41%,141
2394,loan_2394,loan_2394 65%,151
2395,loan_2395,loan_2395 46%,183
2396,loan_2396,loan_2396 73%,195
2397,loan_2397,loan_2397 73%,120
2398,loan_2398,loan_2398 38%,98
2399,loan_2399,loan_2399 84%,108
2400,loan_2400,loan_2400 49%,135
2401,loan_2401,loan_2401 85%,86
2402,loan_2402,loan_2402 46%,117
2403,loan_2403,loan_2403 57%,189
2404,loan_2404,loan_2404 64%,154
2405,loan_2405,loan_2405 23%,192
2406,loan_2406,loan_2406 98%,155
2407,loan_2407,loan_2407 90%,198
2408,loan_2408,loan_2408 24%,97
2409,loan_2409,loan_2409 82%,175
2410,loan_2410,loan_2410 41%,108
2411,loan_2411,loan_2411 98%,96
2412,loan_2412,loan_2412 24%,175
2413,loan_2413,loan_2413 86%,186
2414,loan_2414,loan_2414 23%,155
2415,loan_2415,loan_2415 61%,117
2416,loan_2416,loan_2416 61%,132
2417,loan_2417,loan_2417 35%,141
2418,loan_2418,loan_2418 58%,189
2419,loan_2419,loan_2419 47%,189
2420,loan_2420,loan_2420 73%,129
2421,loan_2421,loan_2421 95%,115
2422,loan_2422,loan_2422 35%,99
2423,loan_2423,loan_2423 62%,80
2424,loan_2424,loan_2424 92%,133
2425,loan_2425,loan_2425 48%,165
2426,loan_2426,loan_2426 79%,105
2427,loan_2427,loan_2427 40%,101
2428,loan_2428,loan_2428 96%,147
2429,loan_2429,loan_2429 39%,80
2430,loan_2430,loan_2430 91%,122
2431,loan_2431,loan_2431 76%,132
2432,loan_2432,loan_2432 53%,97
2433,loan_2433,loan_2433 76%,195
2434,loan_2434,loan_2434 69%,164
2435,loan_2435,loan_2435 79%,141
2436,loan_2436,loan_2436 21%,87
2437,loan_2437,loan_2437 77%,98
2438,loan_2438,loan_2438 90%,103
2439,loan_2439,loan_2439 21%,148
2440,loan_2440,loan_2440 56%,147
2441,loan_2441,loan_2441 69%,124
2442,loan_2442,loan_2442 51%,157
2443,loan_2443,loan_2443 54%,177
2444,loan_2444,loan_2444 61%,143
2445,loan_2445,loan_2445 38%,141
2446,loan_2446,loan_2446 62%,121
2447,loan_2447,loan_2447 61%,105
2448,loan_2448,loan_2448 47%,165
2449,loan_2449,loan_2449 34%,195
2450,loan_2450,loan_2450 25%,105
2451,loan_2451,loan_2451 92%,139
2452,loan_2452,loan_2452 56%,100
2453,loan_2453,loan_2453 35%,127
2454,loan_2454,loan_2454 20%,194
2455,loan_2455,loan_2455 34%,174
2456,loan_2456,loan_2456 94%,169
2457,loan_2457,loan_2457 43%,123
2458,loan_2458,loan_2458 73%,123
2459,loan_2459,loan_2459 99%,80
2460,loan_2460,loan_2460 87%,195
2461,loan_2461,loan_2461 43%,156
2462,loan_2462,loan_2462 37%,199
2463,loan_2463,loan_2463 64%,106
2464,loan_2464,loan_2464 22%,162
2465,loan_2465,loan_2465 62%,169
2466,loan_2466,loan_2466 54%,111
2467,loan_2467,loan_2467 45%,153
2468,loan_2468,loan_2468 84%,105
2469,loan_2469,loan_2469 89%,160
2470,loan_2470,loan_2470 90%,182
2471,loan_2471,loan_2471 50%,184
2472,loan_2472,loan_2472 22%,89
2473,loan_2473,loan_2473 23%,102
2474,loan_2474,loan_2474 31%,110
2475,loan_2475,loan_2475 49%,187
2476,loan_2476,loan_2476 32%,129
2477,loan_2477,loan_2477 61%,87
2478,loan_2478,loan_2478 86%,80
2479,loan_2479,loan_2479 53%,80
2480,loan_2480,loan_2480 20%,128
2481,loan_2481,loan_2481 45%,97
2482,loan_2482,loan_2482 77%,169
2483,loan_2483,loan_2483 50%,177
2484,loan_2484,loan_2484 38%,172
2485,loan_2485,loan_2485 71%,162
2486,loan_2486,loan_2486 29%,132
2487,loan_2487,loan_2487 34%,181
2488,loan_2488,loan_2488 47%,101
2489,loan_2489,loan_2489 49%,137
2490,loan_2490,loan_2490 20%,184
2491,loan_2491,loan_2491 77%,199
2492,loan_2492,loan_2492 79%,172
2493,loan_2493,loan_2493 48%,108
2494,loan_2494,loan_2494 95%,107
2495,loan_2495,loan_2495 50%,154
2496,loan_2496,loan_2496 66%,87
2497,loan_2497,loan_2497 86%,170
2498,loan_2498,loan_2498 28%,90
2499,loan_2499,loan_2499 95%,86
